"","7316-1052","7316-1099","7316-114","7316-1455","7316-161","7316-1723","7316-1746","7316-1763","7316-1769","7316-1774","7316-1844","7316-1946","7316-195","7316-1956","7316-204","7316-2069","7316-2092","7316-212","7316-2140","7316-2146","7316-2151","7316-2152","7316-2176","7316-2241","7316-2274","7316-231","7316-24","7316-255","7316-2594","7316-2599","7316-2660","7316-2777","7316-2857","7316-287","7316-288","7316-3058","7316-3075","7316-3521","7316-3636","7316-37","7316-3765","7316-3769","7316-3771","7316-388","7316-3935","7316-409","7316-4215","7316-4293","7316-4337","7316-4432","7316-445","7316-4466","7316-4516","7316-4552","7316-466","7316-4723","7316-4842","7316-4844","7316-4917","7316-4942","7316-4993","7316-5087","7316-5267","7316-619","7316-620","7316-622","7316-624","7316-85","7316-870","7316-89","7316-895","7316-913","7316UP-1104","7316UP-1962","7316UP-2035","7316UP-2058","7316UP-2333","7316UP-2403","7316UP-310","7316UP-759","7316UP-904","C3L-00104","C3L-00365","C3L-00674","C3L-00677","C3L-01040","C3L-01043","C3L-01045","C3L-01046","C3L-01048","C3L-01049","C3L-01061","C3L-01142","C3L-01146","C3L-01149","C3L-01154","C3L-01155","C3L-01156","C3L-01157","C3L-01327","C3L-01834","C3L-01887","C3L-02041","C3L-02465","C3L-02504","C3L-02542","C3L-02642","C3L-02704","C3L-02705","C3L-02707","C3L-02708","C3L-02900","C3L-02955","C3L-02970","C3L-02984","C3L-03260","C3L-03266","C3L-03387","C3L-03390","C3L-03392","C3L-03400","C3L-03405","C3L-03407","C3L-03681","C3L-03727","C3L-03728","C3L-03744","C3L-03748","C3L-03968","C3L-04084","C3N-00661","C3N-00662","C3N-00663","C3N-00665","C3N-01192","C3N-01196","C3N-01334","C3N-01364","C3N-01366","C3N-01367","C3N-01368","C3N-01369","C3N-01505","C3N-01515","C3N-01517","C3N-01518","C3N-01798","C3N-01814","C3N-01815","C3N-01816","C3N-01818","C3N-01851","C3N-01852","C3N-01856","C3N-01857","C3N-02181","C3N-02183","C3N-02185","C3N-02186","C3N-02188","C3N-02190","C3N-02255","C3N-02256","C3N-02769","C3N-02770","C3N-02782","C3N-02783","C3N-02784","C3N-02785","C3N-02786","C3N-02788","C3N-03070","C3N-03088","C3N-03180","C3N-03182","C3N-03183","C3N-03184","C3N-03186","C3N-03188","C3N-03473"
"FLT4-ADCK1",2.20573451852066,0.846980632045622,2.11067589003912,-2.40592679617572,4.13323132070056,2.69146116300948,1.57434993887791,-2.19125165928162,2.04558441146182,2.06647707429537,3.03676919027762,1.61135930205809,3.15119703644616,-1.41160198734335,0.117342365619716,1.6390312667726,3.92232461251106,-0.965777818563904,-2.83971124509273,2.01737775623768,1.3191254188009,-2.54231108897751,2.73572042693136,-1.92400815711003,-2.56141526999527,-2.20658093760841,-1.62811578326057,1.70976049006184,1.89054188908153,-1.93123804766499,0,2.45722455752841,-2.95727196619314,3.25227193316806,-2.96506876467534,3.28369350196553,-1.23518392077138,2.23735593252378,-2.40072779757014,2.83127565051961,-3.07774305474465,-2.3139268877466,2.15916157237269,0.78147068054485,2.96652842715031,-1.7876304571736,1.48987988223617,-2.26719834582832,1.89114345738857,1.62928611112185,2.67633049237566,1.85039310186655,4.19580033365093,3.00081453145306,1.38921775492056,-0.357211314937581,3.22650534745635,2.34022090675717,-1.83423104568658,-2.07466672503575,1.59403398238385,-2.89560556540665,-1.25380896080746,-2.53483983560597,2.39993296370263,-0.174953579928959,1.17246369786212,-2.15267232779137,1.82613610134144,-2.11541958013062,-1.31622293292228,-1.28265656245192,3.04855346547842,1.57626651047445,1.62655510068427,1.36307117008571,1.30933222160183,-2.59866920779043,0.19793773645584,3.69736588376661,2.2124787477296,-3.25458184036982,-1.56718068095322,0.827748430451444,-0.486498106430107,-0.0877016377472588,3.2308632018076,0.464290392434075,0.644778981418903,1.89742075284036,1.46281163947826,1.41458285584267,1.01688391845782,-0.62367028408746,0.855257139662124,2.01500661021224,-0.343392360966995,-1.45319027442062,0.95683096252321,2.61863942049072,1.01287095884837,-1.31380375029877,1.20954694238034,-1.65122380198372,1.30396853940673,-0.581311808196537,-2.33775354161299,2.10624214838254,2.92870107345065,-0.0140554321161728,2.34639625532599,2.58084224993746,-1.36747044550057,2.56370134035558,-0.262587574356581,0.221756226915554,-1.16370878333502,NA,-1.8671374190098,2.44053452196111,0.729982980352453,1.92982713668386,2.08954621199545,-2.34921394114834,-2.18187782388249,-0.813989880611189,-2.37839280264513,-0.655356875324376,0.299580954123195,0.23616080769562,-2.4092611075592,1.25397997579625,2.4181259961659,-0.950129861731168,3.04764710200797,0.374641443642356,0.781525258883312,3.53653310994297,1.83164245284771,-0.516522939693769,-1.6948656405054,1.34852334492299,3.3052380365784,1.65841768151127,2.93769098537856,-1.71608793099827,1.44560124832439,0.872161869554077,2.37202725855263,-2.29314617697045,2.07039419645794,3.19145020936875,0.120264199572321,0.346780159744788,-0.202713456973631,1.43118992238475,1.40748984649417,1.72130367201938,2.35775448492419,0.822052155302736,3.34342451887678,2.21756226915557,1.76869186111685,0.84427035601565,1.91265435618115,-0.0323378707994708,3.84709310575266,1.58000021152143,1.90137696711814,3.71235689487515,1.91265435618115,-1.02361695944783,2.61221344649678,-0.0742807110288254,-0.856784805408359,1.49722865279281,-1.92879185694553,1.21180700783441,-2.65820372060338,1.61690202142402
"CDK8-ATM",7.45913311048846,6.14089938176737,7.89938377037947,6.02421644966305,-0.712377882317422,1.72786674201412,6.88590724370514,2.14359015540285,4.39754395738608,-0.759881145205427,4.10637538963253,0.42050137014309,2.39398721482718,2.62803517433672,1.91460493121763,8.35807605500884,6.2827157648272,6.23234410526705,7.85672276309384,5.4280871964482,-1.53191248210947,5.5821652624223,4.93958803593451,8.55284472565432,6.64401715649126,4.2640409028768,6.28733853739494,3.88501992156292,5.97003117706122,4.00069272595685,5.31067360698241,5.53946877288015,7.71906462271536,6.22028592423138,5.43631857376397,1.10031530691811,5.63995454829458,0.823000960725654,1.60455549604795,5.37650744425567,0.55745153843819,2.42914756158738,4.15668043972498,0.933910544724292,0.430111583292189,5.71176347271775,3.92136376576618,8.60935713006584,2.42914756158738,8.09301436406,6.70992208757414,5.45967735358994,-6.46488203992998,4.17417505936324,-1.46599320181414,6.72324476737388,9.73763942758313,-5.38752177925229,5.87435411075458,-1.52470169108597,5.11898020674797,7.13654126520762,9.45547476928835,4.96930359270814,4.41427788025578,4.14659240478596,1.030351807134,5.48653994967338,4.86180364627074,7.65494714014185,-1.05840430647259,2.22172055911814,3.50870301609996,7.56489772250442,5.63704359608844,7.45018680812541,NA,4.81323126896367,5.14240354042685,7.68585915589384,3.39477566428429,2.07780726748011,0.319403785097216,6.04275550444464,4.03441702425237,3.31065924896617,6.50014391201341,6.39502957289002,9.06586282986554,7.63152305936513,1.92213526358958,5.67248991081103,7.3521028057215,3.73470908479522,4.70158681708179,7.82530736127736,5.93199599253627,4.599132037753,7.6763939894453,3.95401745318432,7.30029447697485,9.01963528665534,1.42646198723818,5.49386514257381,5.29281059677825,7.69827990615524,7.42036643980839,-0.781894762612577,5.22180161008264,2.56733981836061,8.50026232998772,7.28070027983062,5.34016226941041,2.87839240847089,8.34100687188085,6.946798917231,2.34549025430633,1.48798464943824,4.14303118939141,3.48919249889591,8.03448808457354,6.80601673516038,3.92688057751922,-0.537552649296146,6.153926431095,3.15585248307213,4.25740915260671,-0.84440069562401,4.54039299392969,7.74703598472273,4.12477969068445,3.28172128471687,-4.26512526724385,-1.34577421957233,4.74018719631963,4.6501491085911,4.30770991912273,4.49239355010787,5.31067360698241,2.99643401857213,-0.0651367442042832,1.35440143718309,-1.83686113346724,-0.732324864946932,8.2577524902649,2.10526014984571,5.63656028973902,4.05263036641778,-3.35508803473618,2.85432454326435,7.33282635131247,4.90794444348009,-0.454898950898243,4.9525695552494,4.39216911847243,1.07765768441102,3.25276674670833,3.13736470634579,5.46671540676274,5.81366439249483,5.08462918698036,5.70804279029283,-1.74901558490202,-2.48258343825368,-1.46577807620113,5.44166075078976,5.37650744425567,4.08898278545902,7.91536096742678,5.3063455758918,7.44572021049985,2.94643537642449,8.56480202526447,7.50288047387698,2.14486679794006,6.72940138418564,2.34364768402772,7.05702147922228,7.77993865406039,8.51828474906098
"ATM-ATR",7.78839807547902,4.36164793934266,6.42388996614815,5.22180161008264,3.23270930401058,0.945571728694283,4.14827837715605,7.17218636127384,3.56553897494028,4.26428931468832,5.41964386644981,3.24969719369155,5.69750238866564,5.82546184127744,6.34211936867051,1.75676034123944,5.41757212662775,4.58074814724808,6.72957711932987,5.52849168812114,5.63656028973902,7.64784697070243,5.01715806009737,6.03657176298064,5.89219837885013,0.28320910970653,7.25464885853503,3.98955544736236,5.29281059677825,1.49406722623722,5.64963167316262,2.6212844182894,7.3484407202765,5.01290628037551,5.21114667047965,5.94947306449319,7.74234838064259,-4.38129925931496,4.74537813110701,5.23139544011478,3.84858822640271,8.46455040411351,7.85571501332886,3.74388784647975,2.79919294794523,5.40250046102651,5.03727666699626,4.17487511313124,4.53205259965772,6.12394416575382,7.03466142745069,5.64761886628607,7.83170890263832,5.01753484751449,3.27517569298155,7.26195161513663,8.57579013710652,0.0815542256247597,4.3454064118469,5.97003117706122,4.93707007088313,3.61289095765666,7.57040260957075,5.94019770024102,7.78625390811643,4.46415211537742,6.04303154832664,7.97774682754751,2.24119592710532,3.4660105318677,4.3248915946343,5.8598786743361,3.25325044702408,-1.60827121898299,0.916019318786669,5.52841700567212,3.91964747951093,1.70124349034261,0.655612429990269,4.6307119581062,6.5336507694255,0.770787552982237,7.87674555092368,-4.35447550009115,3.44120571404206,-1.74370556210258,5.55130057073521,6.20313511019796,8.06369746867594,6.2429099289277,3.9836017183374,6.08463515982775,7.13073650895198,5.28374753814837,8.57729671722578,4.86123345834878,7.80913638823916,5.45978472300356,6.23465940593205,-1.44030587755157,6.23053260031414,7.70073883349936,4.01823484671174,5.24352893180778,6.56699855279986,7.78722134824294,3.04070185460447,6.79384468058523,3.82743724303133,6.79153656930839,5.85113641126751,2.88532011172819,4.91158043367613,3.2135208769931,-1.29051205181762,5.4006844880837,4.44032332022898,7.4956864288483,7.87166457281134,-0.159651711753106,-2.03081371237377,6.64846153755337,4.65683674859175,7.38283064679505,6.89044618046402,1.91991703411626,6.68954408012983,5.10075200551118,5.86400864619054,6.14011143282755,6.62477325155735,5.82232133172608,-6.50918941664835,6.44015603507381,4.45351667753093,6.68954408012983,2.46517072673141,5.58398410617491,5.47390214119867,6.55126445711441,2.85373069737579,2.71011711350406,-0.0251675580889045,2.63564066549485,7.17076806277515,6.5819054579805,4.73959799694488,4.88703828201768,-1.37789004329445,5.08671279826554,7.58072169928744,6.17796947668022,5.21380287322198,4.95877950977407,5.94467495779168,-2.8031058840869,5.92710214632558,5.09433871226057,6.19915538743997,5.78306145002351,2.09203067737714,3.14485944858822,-0.729825823040678,7.43537854016165,4.71364433283045,1.02235267478339,3.91350329262547,-4.00365184812812,8.22897775835292,2.35143654366939,7.69711535120975,3.70935553823552,7.86526934455915,7.76265170883988,6.49370997433433,5.28585765273048,6.2429099289277,3.6762260409921,6.35163062741235,6.03845100298901
"CDK8-ATR",6.56984682317207,3.8626983575473,5.94299623708335,1.80979664478543,4.30847571224011,1.88459667103623,8.51828474906098,0.0835088794703271,0.0873619116801791,2.222341670947,5.32685917491819,-2.56176963714047,5.86458198966205,1.21191380338796,3.5954224062302,7.81881932116361,5.22093634696765,4.71696792649661,7.00289929057593,4.66838635599403,0.303913245999432,5.46445013011311,5.06976824853508,5.35917903756728,7.28373704130364,4.25884125752231,4.68806021481082,-0.505338220054795,4.84287288231188,-2.17830538095584,5.11124659283919,5.18696975057931,7.98476919166028,3.75336158699031,5.62225158913913,0.56176163115809,3.79811517781383,4.84287288231188,5.04743373677742,6.26842867403096,4.65851904723092,4.24984287542332,0.653351394362255,5.78306145002351,4.86180364627074,6.75587394372687,0.885552586423988,7.12581450241339,5.25600238284369,7.45936495950858,7.4685496760392,3.62791464975161,-4.75149795331597,0.358432116566014,5.96194474830365,3.90178424131585,8.41761086493551,-0.827154991423949,4.95365128294278,-1.58170531366292,4.54549881996558,2.00518063982144,7.77794712554803,3.19118271710746,5.24015002487635,0.279641600859498,3.64991490176226,6.48173580279529,5.2157858287837,6.50802895377552,2.54371837690997,4.53304195742275,7.40298380461859,-2.31509874378785,4.29201860574271,5.87435411075458,7.542389806077,4.62187701368218,-3.17171478884058,5.64206782242788,3.40645126496673,4.4589339076306,0.591129747553581,-3.57464925657456,0.627904776633899,4.94441043025365,2.96086600954151,7.15988165582671,7.71784577539206,3.78382737223131,5.9752889126215,5.19005693192457,6.01054998537664,5.57832786816742,1.75650868642026,8.08987318625727,5.22180161008264,4.54660744609831,7.01148328678774,7.70073883349936,8.1128017761929,7.69069613302173,-1.45232591208128,6.36597644441711,3.95528284260946,3.212301478364,6.76268439845348,0.935297892223174,2.52587433103708,2.05695296353937,6.26617601860279,1.48109745401984,7.79356435580367,5.92710214632558,0.107793530567158,4.62467318875294,-1.1158237876687,7.09354804760963,4.8029654509585,3.37237578281229,-1.85397753718155,7.00641557700477,7.9298840178169,-0.725880392837707,5.69943023276522,6.24622013202638,5.33939408089278,-0.114418149589117,7.02960925883664,5.1966358066168,2.66193912928624,4.88230225884605,5.12760023326416,-1.90321444754117,7.79356435580367,0.769600659157058,7.60601988792335,5.09924075148109,3.10625780999757,2.95617551030238,4.87177110109502,7.35849848814281,5.95665479516462,6.64460679624908,7.45087487796816,2.95673608139322,3.76470319782676,2.6268708473008,5.05972093857718,4.61622397740012,6.91490880212164,4.94682931783383,-2.39347584058111,2.74205076035841,1.92964725350962,4.80565763629833,4.53826336597043,-0.145068027406365,6.91490880212164,5.79272357547498,0.973699323247004,4.66838635599403,5.81436449215136,0.28772631259644,3.26778218395973,3.6264335659382,6.6256266253262,0.745500721125674,7.67446379718271,3.70997916627462,7.63693433680081,5.84310708611728,7.09354804760963,6.82526368189513,4.29635552604954,4.75932579178931,4.61940648310556,7.01673495239682,7.15529304349832,8.30964980662666
"NIM1K-CAMKK1",4.57385680706054,4.52006088384415,-2.44267612807484,1.71069470309099,1.19423507482828,3.96372718962611,4.88896658084848,5.28356523731415,3.14881620268012,2.14464746101609,4.43208183637084,3.41963310611294,4.62804531295918,1.17874013802757,6.52904310145917,3.86983976359287,-1.47957628448986,1.63825286691355,1.50765243773751,3.56500267879498,4.07621808307962,1.80227125318278,2.52301901397484,0.492808623125543,4.26583429034591,4.90839330181876,-0.555045762685694,-0.338040138479169,4.44204263015053,2.6837498977596,-2.83798839763084,4.23218425284489,2.52317975445589,0.0412694096706027,2.40171325175146,-0.607826491998865,2.76625898687916,2.38215937613329,-2.48879436727854,2.08583183513064,4.11996819539114,1.93996778323765,4.32589813950753,3.22028986332333,1.63242226972916,3.12605560154612,2.87541654555605,-5.95377550815143,1.13955099007021,-1.65508915611092,3.38751636382119,3.85661831527605,3.03288308735283,3.71499650089208,1.78564289105882,0.566807418448932,4.56838261368886,3.71171356538498,2.09327990029034,4.89487142232094,3.21711964912954,1.91286199264728,2.00848255691276,1.7479799392042,-2.62251824052789,4.88807874241521,6.59644393910143,2.1359728077045,3.69695654352727,3.21758937961402,2.82865073459142,4.12409855464796,-1.1993301701962,2.7516743685981,3.55876244905567,-3.3811729289375,6.49185129841653,3.18099216224045,2.14464746101609,1.01573201152158,4.16414452051519,3.53879018454626,0.391210309086502,0.395112297381769,0.123263767468088,-1.50755744656219,4.64993844541388,4.48748259049548,4.23744494063473,3.34381144260313,1.71634421994366,5.04559241643946,2.12876233781723,-1.69056988875251,1.01620793359387,3.73002285698328,5.857067204533,-1.09922388680692,6.37712486449592,5.12346189779741,-0.266299950889793,8.48868106115071,2.94895958069405,1.65470279409204,2.11446023972539,4.13055549039654,6.0490477914478,4.24489131435976,1.81245932337977,-1.11686470066069,4.20687292209849,0.812778555380586,2.24511357635324,3.25493615310226,1.92807450394226,4.47265514907108,2.53107008782327,4.06485878267338,1.47088582834524,2.83422398637368,1.91945524114677,1.69690417151567,2.38609689315489,5.12997277395976,2.49518656835124,-0.903633013454155,1.78002219984339,1.35982831500315,-2.12718371655414,0.677464442513137,3.89396720914949,5.70139287190403,-4.45087369848234,0.677464442513137,4.17577648945626,4.16023626573487,2.48697402587881,1.00405801563196,5.05020916721263,0.576967854281403,-4.65204027430522,0.272028965380471,4.67555540286895,2.08167676386701,0.079701699119192,2.14005754738652,-0.100081104148245,3.75937642565733,1.38379418573465,-3.31948939999482,7.95260485050399,-2.87577523989689,2.93113654988342,2.20635193391888,5.8032444568046,-3.47668736469063,1.48352610797328,2.49832408262371,4.09116176518692,-1.15775742527657,-0.115915132926512,5.50824495309923,1.78564289105882,0.693210917810462,6.10148224769826,1.63526308765705,4.64923313569023,3.42346046850082,2.90509451811086,1.1774923844239,3.91964747951093,-2.22220892228882,2.92876988993289,-0.631328470474722,3.98172391372131,4.44498300017608,4.25662480147028,5.12086796832495,9.92494701097853,1.28123028544874
"ATR-CDK3",2.50265206881398,1.94121509972642,3.927634543279,3.40728542440297,2.16487539065906,4.28209003466007,5.18325504045183,-0.941629091388934,1.73756858930497,4.6531646217642,1.78843331286941,2.9992235690488,-2.91913147545854,-1.30806322926864,2.88286703232965,6.59861064831765,2.38726372625797,1.64647167086768,3.15354867973548,-3.428754282856,2.22839530126127,3.80646397136851,4.34840696928643,4.94309634957261,5.2006220465033,-2.1883142735431,-2.31186784450182,-0.0232915214202994,4.45534219905407,-2.91671698986566,2.27618785274289,0.532672449147217,3.09551260529098,2.29355401367897,2.05645958789473,2.0603137021786,2.91671698986566,2.35102132477202,4.63532717595965,3.91728866355272,4.68093218738362,1.88850609908034,1.02279220573091,-0.848563023026516,0.510269316529477,4.04002711723226,2.58879606653721,0.578555268035453,2.3288482177156,3.43863760396884,4.34776002573501,2.28037969815963,-1.44507904901513,3.40774956430681,-0.0638578131674842,5.9349923776939,3.27218111284494,2.4426092297032,3.42872965812949,4.07633932186064,4.56217718834929,-0.0671858070523258,0.404061499461381,-3.13397062017565,-2.95473303877818,3.93481753777791,-3.31497597571706,0.732959123921356,2.71913160688546,-1.18954603225174,4.00842272660731,-0.318189163692609,3.38096407649709,2.52040392555013,2.0477881655296,-1.4084294405694,-0.715260578134576,2.15254282387468,5.06685968793611,4.40351887633539,2.46493468844668,-3.30096527921848,0.83216118792365,-2.38493225104365,-1.09485232448344,-0.143017027790069,2.77532678806873,2.76318237161776,2.4106313177419,5.45604509763614,3.73850148037748,-1.42802661914325,1.55183040667341,0.273568997038424,4.26533187165218,0.861712127357136,4.05472653161055,-1.87137451462619,0.870833500632407,4.50779455246369,1.86496380415741,-1.46020736748867,-1.0758970116961,-2.9736778743668,4.07863740244125,7.14300792585444,1.10962725891756,3.00338764078923,2.87483630078669,0.352133526920952,3.71515477875271,-0.0504548041761427,3.78346244298066,-1.2415579628561,3.50151771268034,0.48599043843581,4.7771827580015,1.51216598290449,-0.833507889558096,3.01385846844249,2.16487539065906,4.64695785949864,3.75239462937275,1.58170531366292,0.0301502922826018,1.59748517965387,2.1217942980535,-3.18700128866659,5.70688137609966,-0.775168307513781,5.42441183839683,2.52818099436757,4.20105558094675,-3.21850839618235,0.749672874760904,4.65919733596325,-0.926906710916516,-1.90384713720602,5.29003700773255,1.64457249704405,0.283209109706533,0.539058823862863,4.3252182157628,5.2703850141876,2.40538117267484,-0.195281715510747,1.33813001282272,-3.00997705416146,2.77353100726287,3.76594704802433,1.97828922326651,3.06116114742587,-3.61601568824298,1.91652430218186,1.13849477624707,4.07066158189129,3.93180504464437,1.37925643346694,4.83488613373294,3.23636480373538,1.76707234496495,-2.3787975255489,-3.57246549634595,2.99394663614018,-3.0012141289446,1.75183620968807,1.3926953861879,5.68829643304554,-1.95182448544036,1.06010074134404,3.47532146620158,2.92870107345065,4.66232510910487,4.76707872543616,4.14005216203613,4.29323985699941,5.91423730128699,2.66474905251881,-2.20769345089846,5.16543492591473
"JAK2-FLT1",1.44093340691825,2.41241557484207,0.879746314801856,1.03868480034106,2.49443206435713,3.87856230918744,-0.376961467031601,2.84896458213917,0.194895835728349,-3.41118651264121,-0.240601504617759,3.8368892634379,-0.762703375786543,4.30264730597269,-0.491493084480104,3.74401711123233,2.10768939696728,1.86972573618166,-0.666801447856001,3.48599653521638,3.22371831614543,1.88882890459352,0.742920144172005,0.894219751454244,2.21364546491616,2.08814483755281,0.970429792790194,4.2122062598899,3.0025726831331,2.86143167055107,3.46991552770892,2.60839320009921,0.69171805901975,3.68072155830063,-3.20304813417164,1.80115496574025,1.84237614107468,4.19975197665116,1.00559597421564,1.29427573077857,1.55356172982987,2.50235992643501,-1.04057857199835,1.10585944008024,-3.01657211705314,2.32190385815572,2.56490573177504,5.55457256260789,3.47638315151923,4.82992165364502,5.41436530831044,2.1460645159771,2.99492089886885,3.72492281104894,0.258645258119064,5.89317770696153,-2.18209532990488,2.67197391546775,3.4336945671613,1.8206632897971,0.687879757774437,-0.873893550606644,2.35440768156233,3.76413081083061,-0.798925965666695,-1.97988083890853,5.14523510142347,2.52841000291827,2.39332404826426,-0.667741434380407,1.8913254926195,3.41914440388271,0.731934182040131,1.52927666279269,3.37708142406259,1.68696699950943,0.738736561513693,5.66413192347915,2.15423785612006,2.61266563904553,1.71669954769681,-1.39457721346892,3.47076247176189,2.37808260476145,1.27671424818113,3.5896578901055,3.5116461424175,-0.417504265098199,2.54681355352877,2.67846433658824,2.5963990632308,-0.86251665483702,-3.88922465122699,3.39477566428429,4.27623334409771,2.65383937856691,5.69465554693494,1.87365987009477,-0.347689931655501,0.839822588154085,-3.06436345154513,1.57663913458081,2.41025048221514,2.4799515925534,2.35934832728015,-0.254094189613686,5.15152175837227,4.67389200169,4.82778960266005,3.52421934039037,4.55874225116596,-1.79399358345515,-3.17420671738114,0,3.53424422877045,3.41685147145739,0.325290049752541,-1.67005644699586,4.60537125248026,0.444105743998606,3.70947986209903,3.13051896305647,2.81965868083252,-2.10683772089505,-1.11373005727371,-1.94495889350624,1.67335868315261,3.3073991124279,1.72679240231127,-0.0400087626551014,0.798676262280173,-0.63649153488188,5.18325504045183,2.07211057555697,2.51350459358682,3.18159988655827,-1.35399852138147,-1.58963424894866,0.356463098146816,2.27467622641586,-1.67005644699586,0.881512186639471,4.41232879587254,-1.60512610457025,3.67117497710932,0.919573991975744,4.90794444348009,1.03177288920207,-1.30093338632825,-0.333959056261073,5.22233218554902,3.43196551328777,0.661065753832413,4.09406330058116,1.40025731985448,1.60992397448448,2.55056571300501,-2.82101338570415,4.61924980365058,-1.63206393477595,4.39153650772146,4.90862081083656,2.32678644525295,1.32284604478605,5.80051970346769,0.615496530320014,-0.27135263054343,2.37258467358786,3.40703119282861,1.20850293639354,4.07517638885988,2.13722745774212,-2.79603396225391,-0.646315818687127,2.96798941895088,-2.05266410036004,-0.280907352387637,4.03111103321484,-3.29401404119465,-2.95601605879521
"CAMKK1-GUCY2D",-3.61109355808265,4.00184160149039,-1.13955099007021,3.86084559621717,2.68524558503093,2.72412302711015,2.16164565056885,1.59688407991885,3.8373076310236,3.39017618540516,4.46868924563559,-0.179948449926888,-2.79882127739313,4.59896172309543,4.72608876072156,4.284529558166,-0.0634940434349983,2.30806970990145,-1.67112151792132,3.03275921538424,3.31151826114471,-1.62418889516973,-0.0608731782050511,3.68331172023343,-2.36234602222256,4.31130565649908,3.77012742824814,-0.0406462116561243,0.699827133935986,2.28713174207415,3.99755551961344,3.55491063811086,0.609600778612894,-2.71733231921388,2.84446125328305,-0.321209594920643,-3.38036020111065,1.0327296816761,4.02213301507698,-0.105122533292358,0.756908183810794,1.45689040228453,2.11147878687565,3.91200752743085,1.76280290356115,0.0652957079957693,-0.420619432972571,4.1243467334246,-0.175338537787257,1.05220016420437,2.43180883653985,4.57032553959933,4.40121613801469,3.27367863360784,-0.820493232024117,1.97149282709754,2.91814135216229,2.48768457995783,1.48252545335146,1.5945785661248,0.158694325651295,0.757222640999331,3.07110662719802,-2.30633827245652,3.78585322575077,4.01595815603353,5.0829761458783,4.38567244918918,2.24725537930425,3.60111060479601,3.37073117170575,3.89466633841283,1.33790881602597,6.90549287102338,0.530102466560943,3.8842514013657,7.86574684312265,0.670129251330347,1.29068121239809,1.07611542555413,3.61289645311929,0.509362710705753,2.779717459457,0.250349895202715,-1.3147732015175,-1.43484826563563,1.15624005777253,2.60634828162628,3.06534929355401,-0.621996844662995,4.27457165562508,4.25344680824803,4.14254044915339,2.41560229384907,3.57464925657456,3.3721697908549,2.47484443335397,0.748155331499874,3.96461641917304,1.72177878006662,-1.76988700204279,3.85725148924969,1.82383241889664,-0.601345293168709,1.58542501127175,2.65150865977862,4.01322938618773,2.15834484737177,0.815357587314165,-3.21125918315825,-1.3450911994836,-3.01938710314754,1.72723285440421,0.475038795681991,0.35698679371987,2.12950340690495,4.15079741681178,3.6941026512466,1.19419607871446,-3.41191482596286,3.88504107275874,1.95301641199844,3.64813473348898,-0.903633013454154,1.27904432257168,2.16441098526776,1.07375268189271,3.44566603264612,1.88289466867202,2.78761865565436,4.23698369798835,-2.57740014173501,3.28129811099709,-1.1121463248887,2.07256606567528,3.79640845014613,0.7640130887189,2.53989246767457,3.65094722876073,1.53349949915061,-0.47639846036764,0.389244634907563,-4.40107144963714,0.84222909306271,-2.98033274010776,-2.61191639673124,0.579582249914176,2.08325003956863,2.88620344754932,-2.22406971166725,0.443592239571913,2.65856771900092,1.54706767311687,4.2727500980241,4.67395565730854,3.16692259623268,4.61493224790311,-0.500706350918859,0.696690833225816,-2.73453260202619,4.26912807789302,-2.78591124682286,-0.269172306646059,-0.232249253350279,5.2109777372778,-2.12537459803605,1.91567054595335,4.27457165562508,2.79681665082946,2.09720157006731,6.57583249738829,-0.824838007374343,-3.32755431026069,-1.02351161357801,0.240776281449332,-2.46097358324782,-2.4513875715413,4.63142765571621,8.61311946312425,3.57464925657456
"FLT1-GUCY2D",-0.500349528179703,-0.402164770321342,-0.200768347628223,2.09982192122404,2.18633083523976,-1.37360279882356,-2.00508215496244,-0.280471427078665,0.998227173482341,-0.0493750851412525,2.72016240648127,-0.125317634685152,-1.21469704276153,2.18726502497381,0.858268905648628,2.77635263813728,0.856549284319612,0.556556888355724,-1.20853067797617,0.953994936911817,-1.16447502882192,0.675122645199459,2.50392600599361,2.22778599041332,-0.84642831161269,-1.60683365481009,1.89731189873504,2.18726502497381,0.105770979006533,0.218807240550535,1.05125977053586,2.06862694657264,1.03839250329725,2.33044196501908,-0.59606734323627,1.97988083890853,-0.0638578131674842,1.54047809069066,1.62788712494683,0.355510180508898,-0.0234623015455342,0.966173024831989,0.442160965304007,0.971524294582429,2.51350459358682,1.58940544777579,-0.208939186687164,1.92222081109362,-0.905452855883121,-1.34038809155906,1.74143138393617,0.637099436202839,1.43988934763567,2.14346925769979,1.7791570614702,-0.12063201261046,-0.631839713928137,0.843116458919691,3.03864002178173,1.74301951380866,-0.128788043959305,0.134764705965715,-2.40462174818787,-1.87226560545855,2.18844640301354,1.18343707084527,1.51329442296564,-0.833998764801704,0.585131836378331,-1.706860984814,0.270895758298362,1.71197520902003,1.29963746181684,0.449448200505706,-0.115311261248555,-3.20144920914743,0.408249904843977,0.0473656137525379,-0.021021236538947,-1.73846718852221,1.4358631560422,-0.319054985130776,0.824429875312181,1.35115699451177,0.297888303561773,2.22500080256807,1.84383734096899,1.95301641199844,-1.95269255006475,1.16356366743683,0.403899876830303,2.25880709199189,-2.46601993414769,1.80333441474185,-1.55754910694014,0.89114743137951,0.922081155652581,-0.595020131729847,-0.663902156850999,0.344801775584061,-0.917996175551851,0.257865906667814,-0.543227016845334,1.38077462303054,0.929925608061611,1.06214465140309,2.66270540929738,-1.50999468654193,1.29076602181686,-0.354073013031522,-0.0699683325793266,0.410798668080286,-1.20276497113425,-2.23809421053798,-0.35698679371987,-0.475159826218276,0.486905332182589,-0.718020191493042,0.144322870360492,1.01449132365213,-1.14618427770616,-1.91511169896876,-0.0549826056713916,0.873963036633137,0.311050517324298,-0.989348605407209,0.996286887873737,1.96789129624737,0.608380753988462,2.06093610456963,1.13344121824439,-2.52340326755615,2.10557273265678,-1.34327647433498,-2.31781199049199,2.05643396071683,-0.732324864946933,-0.471095951488677,1.75177265584474,-1.84940345598096,-1.08822593672709,-0.0508512118332637,2.24815220788996,0.798972395096191,-0.275596087803833,-0.589406357458252,0.41562189185227,-1.42511638704598,-1.97006658717476,-0.498498179065617,0.431288464770479,0.140944634145193,-0.0727423684802276,2.06831799078236,-0.138884099534282,2.01103431007191,2.67398848157696,-1.90586074905938,0.713107794988057,1.97988083890853,1.58296497780831,1.71899005244022e-15,0.937762413003645,-1.18533689214531,1.07587798787138,-0.327010249901917,-1.64337693645201,1.91434782528251,1.17586139902152,-0.923573185298192,4.35889894354067,-1.51187661611483,1.07680986924996,0.583222926035437,1.67188407426972,0.399043276269596,1.5717378211017,0.0544236004839045,-1.19797634301022,0.556556888355724
"LMTK3-GUCY2D",3.39191867495226,5.94299623708335,-1.09922388680692,4.86261193599091,5.06995913651511,2.451265510251,3.62791464975161,5.47390214119867,4.93958803593451,0.480385376644414,4.85657144583458,0.683299730661989,-2.18495467835072,6.00890424465903,4.22295001783668,5.87547832089259,5.94805165149763,2.3823377081597,-3.13835188425232,3.2937038191806,5.62407951099438,-2.44478442262196,4.33035237012631,6.02622718456932,-2.29634832811057,5.68920543773434,6.47219399978466,4.81678238609758,1.32902654441534,3.47393672468678,6.38113960172124,5.654712628977,1.06853915551107,5.06611800588646,4.19617117082984,5.57649828168162,-2.18529861047822,5.83962146839032,-3.38558555974804,-5.41238605942642,-1.87747784991543,3.04347098106107,4.38551512080717,5.27617497638804,4.45749291827078,4.40703664590669,-5.57784393725034,-2.7007271196783,5.29827088382819,1.91892827231393,5.15586078700515,4.91105975080175,5.83962146839032,5.1175276579537,-2.10518594665375,1.4897592393045,2.56524254687753,5.17203335558833,5.40356682849095,1.10360562047465,0.60073879246657,1.4897592393045,6.42338960346053,-5.07433533273513,6.08111870352829,6.15157419350388,NA,5.94299623708335,3.14620684499935,3.13286774978233,3.18165479992335,6.28063783600235,5.39216485140104,7.15224088040523,-2.33124972550442,5.72207875127462,6.37395443883351,-3.40685176681331,-0.80489771796479,2.5338455018528,4.97506583264571,-0.770787552982237,2.57480671694588,-4.00415755996968,3.29599869237487,1.9279362788231,5.75553733090316,-2.77839375529945,5.89769778428388,3.08956590876184,5.654712628977,5.00712117604869,4.02911273741962,-2.77935605072052,-3.88484667523972,2.82117746314388,1.93145116775239,4.70273716847892,5.12917614641706,6.23748263658831,3.80041870615892,5.30973612175873,4.53409396707828,4.750554614937,3.50151771268034,2.22950336584059,6.02342804416259,-0.998142988183986,-5.34016226941041,4.36726161877583,-1.07595408149727,2.4640557454352,4.47870871671237,-0.101134666394453,-1.8206632897971,4.93060964028828,-5.87136720866314,4.7805143571291,-1.93513657662311,1.90521440069269,6.02021874514919,-3.95126337173905,-2.38228756200625,1.51291476591085,1.91194796814754,-2.40682009232184,0.316547036154279,2.9480914672153,2.57040830261978,-5.05735964711738,5.92452740156687,-2.23611321925261,5.38708238177161,-3.32181498287597,3.17965500601946,5.38765697560746,-5.50384480997672,-1.53716529858451,5.06705201788551,-3.22871531495953,2.16055122772242,0.912394488343362,5.98713841390318,2.81847696531192,-3.2808622209112,-3.21487027438316,-4.2613871321267,1.72531124040615,4.97506583264571,3.47393672468678,2.06154389177958,2.96433343726254,2.47201815800899,6.25522706004814,5.25390796986165,2.92876988993289,6.20099892453678,5.0388455645007,-0.45096190998053,-1.82186148886711,3.66210837146869,-2.07609741154807,5.08092972387569,-2.04682173572966,4.10475233671638,-1.90374072578414,3.05876426627524,5.11774576904121,3.51430942349363,5.09204520901275,2.48997991959775,-1.70118839581099,-5.30323914048587,-5.53502968032046,-0.461654193200857,-3.47210248835704,-2.09935041031657,4.102916068757,5.62634954313551,3.14576536752774
"NIM1K-GUCY2D",-0.638602354614403,3.19708080712698,2.63002334358033,2.11635208617704,3.58585381771967,3.24641714761977,2.09237468316088,2.16790710797958,2.30453193191075,2.78267202620898,3.34935961781695,-0.148739190964204,-1.23868309710233,3.00421339902674,3.68739402433204,4.69437722464072,4.73387225170857,2.74801064408419,-3.10437523308101,3.07229244064453,4.18669952227119,-1.51195343557517,0.542245406242732,2.49580030640702,-1.97967022104053,2.82604462831989,3.05734178115278,4.17589937831254,1.37296523268179,3.09347241904827,-0.105692211039709,4.74427913637146,-0.844211527993695,1.53572366495024,3.27366050745871,3.96515953117983,-0.871838814758973,3.02652764465989,1.31325741209634,2.5689797298361,1.72072724614888,0.822964222491481,2.57480671694588,4.34688259578577,4.74892327650571,0.780359173053479,-1.93961188563131,-2.43316952643935,3.56400094572541,2.07660296304651,4.18864931273641,2.7464748866099,2.64143185507731,3.12605560154612,-2.41954220368982,2.33277317570091,1.8831481589591,3.13256892895845,4.3770742855467,2.817719510923,1.03064807075059,2.26227514131021,5.35197203512125,-4.0463551454141,-0.340166220361648,4.0908685855457,2.34364768402772,4.83689918707864,3.33300089178401,0.988111145754179,2.75027369103505,2.2076546787283,3.82367163313608,7.63591946067088,0.936629564962644,-2.50806338501095,4.52130621626648,-0.202343603386051,2.4042665960552,3.61450113596426,2.61460764070078,1.95775002462261,2.03398908910315,0.0890140964237422,1.65470279409204,3.99866182087366,2.38466327535756,0.404061499461384,2.63309594809362,-1.92014790620774,1.90885145427378,5.12745594548199,2.99108969038096,-1.46832512283375,3.39300696841514,1.54247967459193,2.56886713183337,5.13674296594273,3.67731765907934,2.12460176721956,3.26217439839997,7.38450543604728,3.93028096667547,2.41508642435345,0.298419468845305,1.75049189132989,5.70533805486057,1.79319434730057,2.92148387343115,-2.174656604431,-1.80403587950613,2.6502991712356,3.34410157844975,-0.64536121992362,1.46294818476402,0.950011056990055,3.75149437873897,0.202272800233462,0.0153646574918153,1.47308022988612,3.62522512374203,2.82620868994962,0.00580078789707635,-0.74163375089928,0.939572381780594,-1.07539767778996,2.15848020086252,2.8435964580512,0.988533510313544,4.6737225569863,2.52841000291827,-2.42556242012731,-4.45087369848234,-2.34542687902438,1.7749366185867,3.76054372512657,2.8603784414191,-0.734905576857703,3.88875329591651,-2.58140879628854,0.185013471676209,4.0731566096207,-2.57275171012722,2.11377055851054,-2.85051512466786,-1.94124214167929,0.900729937334201,2.25715827436391,2.31121984545705,3.29504387084645,-0.940608649938838,-0.956336040817226,1.82939369059315,4.60997136529865,5.5821652624223,-2.79323594006128,2.77231824416609,0.587924461486161,1.1374500063769,1.24413909042149,3.03180243855813,-1.90363747520877,-1.87194795164294,-1.2434022878671,3.79120631473092,1.8754571138153,2.58113900919916,3.86992377368467,3.21451989334836,3.37862600808177,NA,1.899468413804,2.90558725298729,-5.88992883020215,-0.0916734777014134,-2.99948258921362,-1.43397035513827,4.8091067517677,7.56331096179156,2.61748656959788
"NTRK2-GUCY2D",2.17897078681592,2.16535010337787,-0.969831127259167,2.80197180216491,2.46605069583324,1.02047557261875,1.49508017686836,2.05626845819451,-2.6797395169114,0.710264829004612,-4.48449866686216,-1.70465367621818,0.179117168156226,2.7908462735549,-1.52723829572982,-2.09908152901304,3.43805672553531,4.08690004271896,-3.82488109290309,1.91188310855692,2.59889900056651,0.276420010408816,-1.64019048186268,2.25447314804962,3.03428354366836,3.16692259623268,1.47667117709764,0.606887763265702,1.29525316388654,3.13610663644667,1.23398678772854,2.90544424319334,2.64012524658012,2.97190905840063,-1.04261427882652,0.92693151506154,0.0822426060850589,3.01669026717481,-2.82055748396076,2.10793158645185,-1.95108038453366,3.47365364707449,2.51950294798447,-0.250379704084788,2.99394663614018,2.72487527465384,1.12024535434281,-1.48641855161843,2.45664220997551,2.47099428151845,3.0122011294689,-1.71499465749158,-0.716553952179847,-2.67096573752164,-0.810695494092047,1.68880139124802,2.2607853181164,2.8717263120844,-3.45199975303941,0.0792941647429175,-1.96148208158665,-0.394198852873319,2.21037515130059,3.91512475833334,-0.345075634215068,3.22793158867341,-0.718392726710995,1.43911348970991,-3.46383501977121,1.89396084777072,2.74342464705289,2.82843382716513,3.16111233591232,5.06829220925108,-1.08554449315061,2.79147331983773,-1.6411527856472,-3.43664698771179,1.14215871988956,-0.147512349269606,-3.97730833898242,-1.37683100524161,-0.901392190153126,1.60842121336878,-0.441620303077329,-0.299951994068036,2.55631528979405,-1.19472399603159,2.72487527465384,1.47007867238584,1.47780531404762,1.99280147878879,1.68300852631965,-1.21824563898958,3.59902534946807,2.12438038606501,-0.0234623015455342,-1.88620358793935,4.26485981928617,2.63985876185377,-1.30179666469577,3.20271481144844,0.564958798553374,0.311225757066267,-2.38487222089083,1.7459715370024,2.53594278907566,0.143192692979081,2.71634828326676,4.40052344591649,0.843635732863852,-1.20264199572324,2.7386687799766,1.49688670691243,-2.73683894551619,1.6923356641045,-3.97670741276772,5.29950894659636,1.27870878383084,-2.73631842911573,1.99674959875426,2.72744588194908,2.27602651303564,0.998227173482341,2.60419574618472,-0.250931428843876,1.83275846370391,2.00736686541277,2.05666243345832,2.20693363140945,1.30965246978524,-3.2475502112614,2.74703082788922,-1.22467644146067,2.21682040573998,-1.62811578326057,2.26556168637921,0.362906854261589,2.39184990697462,-0.260094755685299,-0.481056798289297,0.0943104663097111,2.63564066549485,1.91737489004809,3.55759419829749,-0.725071295431454,0.507480102184094,-0.104986510979673,2.35102132477202,2.4180102681856,-0.967932885103524,-1.76339458024652,-1.27081442170519,-2.38276454455942,3.87498901353551,3.84415818390824,1.34996229208273,3.80572275816132,-0.973970851280784,0.28720807659722,3.02819061420872,-0.334135528819668,2.45992568285847,-0.723666190068598,-1.78485383178401,0.184187196488854,0.182246414413427,2.89089073183852,-0.734343853580508,2.90054643562532,-0.341103765637609,0.338934309569023,1.00107227696487,3.32847633385225,0.699827133935986,-0.247337151351802,3.12989790724779,3.10901913792759,5.57190007633883,1.94189341795201
"FLT4-JAK2",1.11758604976428,2.26090196944744,0.493188897140023,0.489187911578183,2.35871013766285,3.81467969659941,2.06249637196559,-2.12428930280619,3.32074724270713,-3.61905526009341,-0.706830123648634,1.12234886236589,-0.171935119308515,-3.41277912978074,1.37305374291349,-3.97992359061832,0.85955743896861,2.22180218456874,0.237267214941306,0.586908757436339,-1.5175046576362,1.53742088126402,-1.03687933242012,2.24562334708685,-0.987609716487774,-1.76415147015312,0.516201239144099,0.73419975364194,0.364734266854704,2.73171736524481,4.78084998954942,1.21198328020496,-1.33853189171495,3.75820983560494,-2.24246257227292,2.40940940119291,0.679453476607793,3.84148177293445,2.35155213893297,2.72770493555483,2.03565742316649,1.6123909955089,-0.48599043843581,1.36246683516071,-4.500631134598,2.29871615954273,1.84442360546765,1.15053521160368,4.42274585220323,2.67581763205193,-2.81554305030569,0.433290072111358,4.19265511038826,4.01754686026004,0.996819794031213,3.62307061052454,-1.88717010745919,3.71745590055409,4.80743068997926,2.06099061907418,0.586647441534958,2.58485934819984,0.997086629203587,-3.50667879968648,1.90986106210499,2.07140943041883,3.3002095171584,4.46745880264274,2.83181920326846,0.608067745137491,-1.36246683516072,2.98312460066587,-3.96492753589143,-3.42998931498315,3.71847977410512,1.14870632318146,-0.702435944842321,4.55246195339236,0.939262517113519,2.44489462206383,2.64918465787357,-2.30510318363243,-0.502616483649178,1.48358672544849,-0.124176227751584,0.414618817114467,3.35037792764705,0.433290072111358,0.486094348369983,1.99208060835984,1.11758604976428,2.31420531159029,2.38980300028115,1.66469864068157,3.55806132339938,2.56327959053716,1.92026457350117,1.11495211200629,0.0406462116561243,-0.737616742271187,-3.64954462792188,-2.00128320980436,2.37791120776071,3.18189652524646,0.679453476607793,2.01323932607573,1.83428275744633,4.07633932186064,4.14254044915339,4.49222408113634,2.73668649857674,-3.13423371200233,-4.13077327084482,-1.24412173840506,-0.754588815137485,2.33191406603628,3.77483748930638,2.41762237729214,2.9903619307863,4.15341786166279,1.91021871156355,1.12853549513286,4.27498961196592,3.62412163952906,2.19463740507158,-2.73521921399489,1.08436262818384,3.07518202327423,-1.83200709605613,1.02312444293497,-1.49372370235878,1.67005644699586,2.99154798531486,2.66721008502058,1.6279936144142,0.358340627899032,-2.28183281733989,4.88703828201768,3.39017618540516,3.16930008217186,1.60512610457026,1.93036180751571,5.02761247615516,1.16957787216504,4.74623990785204,-0.989579861477462,4.24480418744978,0.730024674435318,2.17561631765772,1.30835606720344,4.797120888157,4.80729043167685,1.23020642809702,3.56500267879498,-2.55890724384773,2.61746542400869,0.589954928568844,3.51645865037325,5.27833014445355,-1.55159940672344,3.49211898632034,5.68276074606082,3.60935993090185,1.54602721805243,3.40332596111513,2.3594460464128,-1.02312444293497,2.24295703262055,3.34252558800991,0.413874215225724,4.403391631518,2.56040658325027,3.54287772326307,1.0491148420579,3.23176725976136,-2.56003034172558,2.14161819112012,1.67619681781396,-3.55749616217885,3.51472548225791
"MAP2K1-JAK2",-0.0410947056968589,-2.61936753475699,-0.524932554898364,-0.277768199068563,-1.55563396358954,0.164577435129873,1.47798305857489,0.436629698760205,0.449338403240413,1.2684238737341,-0.635826196104398,-0.0525162111979529,0.102687111730654,0.424234826271847,-2.29759270843636,0.663118168288195,-0.948384100921879,0.488431506944407,0.160733686232461,0.849114090336776,-0.723279332759476,-0.400969860474348,-1.33108077068958,-0.844038211648669,1.57156156617014,-0.454245917894028,-2.77595951572644,0.950981084437832,1.42600685109682,-2.58705732190104,-0.124730357504357,0.394198852873317,-0.0995624785346631,0.1208367380089,-0.422473068557932,-0.47347608910059,-0.894464984319164,-0.215258180241368,-0.789814815879101,0.36458900597616,-0.697702409345164,-2.43763097383503,0.0186497609522959,-1.67670068711066,-1.24884136203894,-1.7202715932973,0.153022998349296,1.60823170761287,1.3937655526191,0.168918438130893,0.125660423772768,0.436629698760205,-0.0746806046383184,0.794122233469022,-0.135265704882368,1.16446557532569,0.832562630089211,0.920886036152101,-0.723296333812085,-0.626942307849636,-1.95105512288244,-1.20932869973797,0.0747630368025176,0.0858306244316261,-0.265880535971857,-0.538403698455091,0.63104694335394,0.121497609608952,-0.62835608089879,-1.28168993792959,1.22482389016595,-1.18189613919117,1.1996560903539,-0.473320885811406,-1.8732677285961,0.532650553031401,0.756619819601812,0.271352630543428,-1.5197871299001,0.3084836264597,0.854540621407726,-3.01029483605842,-0.969970241601492,1.32387596657847,0.243077644474665,-0.181253850261257,0.380576679170504,-0.483366993095891,0.340082417448593,-1.53640201621019,-2.40053060854923,1.23289502834446,-1.10291545844356,-1.2996828498538,-1.56620698637234,-0.627221327289338,-0.48452119816316,1.11038380629058,-1.20127654365497,1.17063437591887,-1.55376519628968,1.37131888281257,-1.33310102279019,-0.406611008600693,1.05234385403996,0.431247059090291,1.95105512288244,0,-0.360616487019092,1.07047226167525,-0.0420875380059115,-1.08286360308568,-0.31440818623554,3.10585975148885,0.728503685188528,-1.35617284461144,-0.771157821319385,0.260196602659455,0.207381059540067,-1.58919842306189,0.582717184479234,0.731338604943616,0.713093496529959,-0.60217049191993,-0.395378572333442,0.44171320724961,-0.865680029731304,0.12166622533083,0,-1.01653456915981,-0.0480774073141002,1.42448229106958,1.00468110198627,-0.0417969480363998,-0.804456389129971,-0.201967834639068,-0.406611008600693,0.775899247680369,-0.518920119753697,-0.64100456198255,-1.36505090481924,0.993314572431038,-0.250456843081944,0.608990649300389,0.363233162721984,-0.186757688621482,0.574720318507351,1.15301850721288,-0.541643852417109,-0.494034816750472,0.668064668567052,-0.358511511449219,-0.982228278855436,-0.258645258119067,0.194052942501852,-0.875378561205412,0.396590190781086,-1.39688195604,0.78147068054485,-0.748938405225542,0.354048217134365,0.549220847472167,0.0810853827894522,0.820420917447947,-0.141194002749791,-0.390399704120163,-0.265547548258126,-0.913350688312296,-1.0882732439485,-0.726175932733077,1.33523865364789,-0.430881959366962,-1.2933039282527,-0.464239587550252,-1.09453759035596,-0.87519395010263,-2.84417662150129,-1.49372370235878,1.02017700692189,0.682473090375446
"BTK-LMTK3",0.930592452863514,-3.5117997590037,-0.21884464030135,1.7589278440271,1.89731189873504,-4.03370448525675,-0.809070454161687,1.74588887476995,1.5386513034456,-0.149108225623881,2.56381536702484,2.00686322403895,2.81636164363572,2.61750473860434,3.65985762334128,-0.585335351844203,1.90919416821065,3.00268072571535,1.16991552472062,-4.08389030901783,-0.506526916796213,2.2125106788215,0.94195065552673,-4.38876225796729,2.69526230373265,2.75972089203594,-1.83481339305035,1.95202784692926,0.251956138842931,-0.84421152799369,2.65119325309628,2.64737213637057,1.54404200046555,2.70399862311932,2.98360769276163,2.05691070548019,2.28600374751872,2.04515576320825,0.518920119753699,-2.27152942673254,3.55072871055352,-3.03760373179272,-1.87699333896127,-1.4048942060152,1.84085921309245,-0.386665107039692,0.493094146748152,2.06597098587559,2.57740014173501,0.357211314937578,-1.88005955323024,-0.605849815245447,2.04515576320825,2.1136325329986,-0.336011581866183,-0.0880135315226563,2.19035517324835,2.03844009047581,2.91772410447702,-1.86281120074221,3.10038103439216,2.98360769276163,-3.3111887039252,0.843771666384038,2.39103635078608,1.8354185636776,3.59010095746521,-1.36569095393924,-0.646111191226343,-1.92955953523078,2.35811765405092,2.5705086374815,-3.85247367976201,3.84318320443576,0.688823870438072,1.85561998262228,3.69547728541444,-2.61822985243596,-2.58344149171144,-1.20960492168295,2.42646947080309,3.6453966641773,-1.73687118904097,2.51457466460221,0.672077405956837,0.214070082771395,1.67138188543576,-4.69779390117144,-0.653251540868015,0.309832883762152,-4.27527470028879,0.294297311545271,2.44494101138762,-0.21884464030135,4.13193354825577,-2.97736201215675,1.36911164985213,2.86961208179977,3.61902714471454,-3.57338155318921,3.01657211705314,-1.75606809468731,-2.21021635282189,2.2139379666966,-0.569048797512992,-2.45166878273604,3.32251058864339,1.03767269611993,0.0981808456394315,0.0822426060850605,-0.0716183837558558,1.15428238135524,1.3729856452837,1.8583675656569,-2.31613000592246,-0.0944651642732128,0.659863719247747,-1.85760755829882,-0.878902005406371,0.776418415837806,2.63630166585322,2.53123606036036,3.03591866953344,0.0598954248736521,1.33085731757864,1.99103549382283,-1.46229647897174,2.09691673833978,0.520032606850445,-1.62631515738792,2.24538005352916,1.92719195357155,-0.713821981141348,2.06914253292967,-1.84847778896479,-3.3111887039252,-1.63105186133739,2.22302179182669,-3.94357507232726,-2.40307416532384,0.746816665908482,NA,1.54441421889936,2.28600374751872,-0.697477389180362,1.16991552472062,4.035037440579,3.01657211705314,2.73037560252421,0.155480723198439,3.26182050903355,2.17897078681592,-0.834954542860323,-1.54990275363859,3.64081383801376,2.56414664336175,1.79180787894798,4.30265059566131,-2.50826544866383,1.88302018770973,2.48344046836138,3.78389315831953,2.89701121721577,-1.01653456915981,3.38390780395439,-4.31653839083619,-1.91892827231393,1.937873445739,0.797409756407823,1.99562029281184,2.10642132510106,3.52360866254885,3.04059632452197,-2.62366736701132,-3.85215575620116,-0.90967008843461,-0.0569369297290107,-2.0314315785502,1.19703658317597,-3.91352622324164
"DCLK1-LMTK3",2.47201815800899,5.76818721332081,4.70873181475593,1.15674138168522,6.26643390522447,2.60790081064675,6.38944584309298,-0.554042039495025,-4.99527426443819,-2.73806288710135,-2.60551280247067,-2.36022921717082,-5.62085333529507,-4.9903658513817,9.1012557710392,NA,5.58371210626999,1.6632089875573,4.84984349294417,-6.74595517012467,-5.23540646204277,1.71787286639461,-1.08435961614498,6.0083974848652,5.52574935968644,-6.28091863901603,6.05433656947757,4.87567417745583,1.86750363217041,-1.52712867670294,-1.79944090305718,5.62711532923786,5.25234089004961,5.88318013035339,-4.74126137857378,-6.60899153821827,2.04448908686288,6.72301365407382,6.4683835540998,6.15157419350389,5.51507167904462,2.92887781952843,2.28807829965458,-6.70115780252909,1.53568896340844,-2.46104991083353,6.41559827200001,5.48383335174083,5.21506051836296,-3.04526168035581,8.02295897985543,0.646549877343928,6.42004306282243,5.34589482279391,-1.900386703742,3.94089482931061,6.43459927675667,4.78424569225287,-6.32927408277792,7.30218784402568,4.18669952227119,6.19016929846108,5.20890802681547,-5.6545982756242,1.99683394098945,-1.0202654943128,6.63345572057128,2.89114683202249,3.69129781042806,7.06945598877367,5.9237189289141,5.94491926568837,4.03891222919312,9.1012557710392,-3.58355927823348,4.49646250549468,5.53111947743487,5.20660790444325,3.2985024128361,5.69799846591389,6.04157805551879,-2.83763620422591,2.96190004419222,6.78059159846914,1.90058483253912,8.13735029704983,6.34960959027729,6.44715780550332,1.84684140378423,0.769600659157058,4.70465343854419,4.3109852443507,0.217633323207142,4.99293390813347,-3.30625130773867,4.24721719185247,4.95999488640147,7.62339131876228,4.83524475458427,1.31380375029877,9.45547476928835,5.63704359608844,7.1108152152777,4.48512094301686,-0.777100184512958,3.52721505028471,5.6289745060954,-3.47827366382104,6.15157419350389,8.06344029391781,4.70873181475593,-7.28110287559523,5.90926856553097,4.93728366993467,7.08795887463693,6.12362564811063,-1.12169461947647,-2.79589328897916,6.13229500405898,-0.149108225623881,6.727842130711,-1.37399702057737,-1.22212172665513,1.52901554750625,-5.2486073978688,-7.07880924329854,5.31953656492111,-4.34378772190697,-2.31448185519045,4.88471423325864,2.25283289274398,5.31438402605271,4.70873181475593,5.77435167398921,-0.919844250608847,2.48191841693882,5.84736628432566,2.0495729495348,4.01540643731393,1.99280147878879,1.81849690234971,2.11594336393789,-1.86807425090457,-4.81702228598786,5.66690787300026,5.95489320894683,4.98643519744574,8.36088289367503,1.6632089875573,5.94491926568837,6.76513454814799,-1.77189916640532,2.41916924135623,1.21211395761208,7.31566096434692,-2.72151896473056,6.93673522245118,6.98700091728789,9.12074805153046,-6.7493898000346,5.82568025385603,9.61547954098452,8.55054110853672,-1.67687190372279,7.09465744064019,5.86700619719231,7.19322071000104,-1.61109593063685,-3.84897875843712,5.95309920511991,3.23861387860942,5.16077143898865,6.22252062312067,5.16715062414569,3.83609044480424,2.03019962720807,5.73031163910874,7.86149489381585,7.00387197749108,6.51719861134133
"MAP2K1-MAP2K2",3.76961752014321,1.01396451197112,-4.48366579211481,NA,3.13887404888208,2.01434526369159,3.69029541907092,3.05049153333889,3.2086244859832,2.27380960218884,2.37000990267456,4.45152061839949,0.670070469530848,3.30153064775514,1.47818001247458,2.11350798294131,0.377207159454683,4.99031819709614,2.50408804041533,1.52667258004677,2.29225301864404,-0.439512792175347,2.73182576039499,4.67897222739578,3.11711198919824,4.20941705218097,2.72402875762068,1.86730405083941,-0.688146040855408,-0.173959896662022,3.74914520172129,2.58609978305403,3.16759889954517,2.91300153338356,1.21975087939801,5.42335600404655,-0.912912534264054,3.17965500601946,-3.26125699730891,0.559432354863631,-0.806280581360058,2.37202725855263,NA,3.64822298243909,0.259604657726422,5.32910335955395,3.29826077891178,1.82275489192605,2.1155652852367,2.4465211144118,4.001246121996,3.26523683927236,1.14395230949543,3.97758342447355,2.2636321397078,-0.583485974801433,3.1929404650429,2.45578303608138,5.23225291707456,-3.20390246468666,2.37626862190797,3.27218111284494,3.43943798782955,2.58450601632267,4.03248131106162,2.52463687059327,-3.11922770056368,-2.53238058647029,0.30424567020759,1.28488177529136,2.92054731462705,-0.758728303739117,1.83378870674655,-3.6637113395258,2.3840581984082,3.97265687700051,0.951442875522201,3.39558930569132,2.11554329283994,0.788239294569391,0.568369483849259,1.58702264426239,1.70786330855353,6.6332495807108,2.74290324197184,4.65827338564335,4.04791002734239,-0.970895612547702,1.83968850121769,2.33720094822807,0.997606949101458,5.11013945933813,2.37791120776071,-1.69905107444462,1.48482851209614,4.16650007913726,2.73171736524481,1.10064980977597,4.53824217330739,4.19362385427862,5.11709008518587,-0.0910943363195498,0.781320598066461,-0.0910943363195498,0.400355904207667,4.5924238487653,-0.353183629232993,3.15387330814515,1.26420500145913,-0.0203231761694169,1.87678156746876,4.19881794325953,2.22055204746114,3.85326006147809,4.52538849863081,5.84310708611728,-1.86396858395939,2.97736201215675,3.78715083313655,2.3261372026848,0.181075881903895,0.330120026031019,2.72344420689665,1.71167979858674,-4.78348669341103,3.90817647300577,2.06534349283548,0.37386152186588,2.31613000592246,-3.26349458038469,-3.40713594849577,5.22429852801437,4.8920301282481,3.41930527450743,-4.17826512901707,-4.52810299821973,2.78231332428627,4.99789893044683,5.1605476918324,2.28183281733989,2.99358642522119,3.56553897494028,5.19965828040826,-1.91021871156355,-1.15372788828618,5.37456584285331,2.48879436727854,4.43249423786927,5.78941585961038,4.70676110215158,2.72344420689665,3.72718104446882,4.68803020701262,4.39160509224079,2.56404135007536,2.3475349521238,4.42999428957356,-1.41753332588302,3.30671878760071,5.05859008465132,-1.29719936959025,2.63558118858449,-2.98451617621171,3.89453038847801,-2.6286057678983,5.33964261239713,0.737239626720158,4.7435769626985,1.19351086334292,-0.100620248405279,-0.798350303998396,0,2.21112520980213,1.81004857825107,2.22172055911814,1.71167979858674,-0.49019168157046,5.98971269042352,-1.18134142311453,2.19710918268121
"RAF1-MAP2K2",3.76875012083505,0.475038795681991,1.84940903141674,4.96572662738738,-2.6315926251251,2.12665670615981,1.80515258396436,4.38339516741818,3.15698583960507,1.25361595319059,1.47088582834524,4.750554614937,4.48642653321103,3.90756946208658,-0.625449587014814,0.995040242168824,5.2225648798979,4.45087369848235,2.91101216377577,2.11635208617704,1.13219907569899,1.0206730903933,1.51101398580759,-1.36875778278759,2.2044791917338,3.60807175901226,1.39921853189557,1.91766089152888,-2.65576452138519,4.62499664882406,0.035113419048457,2.38818579104496,3.46517949572543,-3.80061066327935,2.18347699990986,4.45087369848235,-3.12511138360521,0.184187196488854,2.54202675044933,-4.56103603743773,2.3475349521238,1.92719195357155,NA,3.88450090624785,1.6733586831526,2.33720094822807,3.16689279566107,4.85686904421651,-0.00978624697606248,0.829828694850865,0.61345733202752,3.54868932853525,2.21997298316965,5.34456773024982,1.74169536525779,3.36183274342436,3.16759889954517,2.3345921512805,4.75601657112575,2.76205784641254,1.68676396821203,1.95564146251816,1.59178493099725,0.950930163318931,1.41160198734334,1.22645900081179,-2.35216738113568,-0.490303142088113,-0.442114080691491,2.28185274975355,1.9737035285349,-5.12290103723655,1.84065713103151,3.51645865037325,2.19594850687154,3.96515953117983,4.46189864438342,2.15425667395796,1.5328088278277,1.33975285841093,2.18659125385497,-1.42687068965667,0.575789967866793,6.6332495807108,3.98276997448965,1.74690145656171,-3.26022048351246,2.04527723296623,2.64177532908057,0.983175733356717,1.70786330855353,3.6146271409928,1.26350011988693,-0.160631382523672,-0.23639293217357,1.97474996254342,3.62103075981921,2.37626862190797,5.30382683079504,-3.63402560320848,2.74385059935835,-4.55502857536145,-3.30406335856614,4.66906095762267,1.43187770303799,-3.86494744323333,3.87191146077999,0.944202445269016,1.69061591195445,-2.35891804206933,1.63825286691355,4.90276533699129,0.997086629203587,3.00911987012638,-4.05283992190972,-1.42357767753533,-2.52172009261227,1.54593856553703,-3.02194255412843,0.782205842297337,-0.287357090684399,0.361235497121492,0.280779354974585,1.52646340638522,3.32074724270713,1.08597632151476,1.45003080209004,3.58015970498136,1.63150740734232,0.302709991024104,3.94086312152737,1.09758373110907,3.16692259623268,3.44229869633707,1.4569657512223,-1.93305933258299,-0.761163285282343,3.42143480468846,3.81644820632505,-0.663445882560634,3.72827297562775,5.71053243263305,3.34304570599375,0.0665424874200868,-2.31402265647959,5.05569230019028,0.761079095634025,4.23275468677652,-1.93781339221145,1.26670043416545,2.79890731767159,1.24217902890139,-0.633987264744443,3.61901795312992,-3.09684854224185,1.10841568493526,3.8655945830595,0.512301491270371,3.80879077854481,5.33527967461188,4.7408657128878,2.19594850687154,-3.75278369619878,3.13568926036115,0.782205842297335,-0.691693855713699,1.83200709605612,5.12572662410614,0.381999788068865,1.65864818869231,0.647272144991299,3.84185474632324,-4.56100624681549,-4.60893763268231,1.97240951031785,2.3345921512805,-3.65196148119042,3.39810214888925,-1.58156086421183,2.21997298316965
"NIM1K-MAP3K19",2.62251824052789,3.10192392182903,1.19351086334292,0.100881244319671,2.52565023130858,0.598331012066062,1.66186322696331,1.55911101204718,1.58887227231821,0.22628811976955,0.556508590541556,3.26898545274188,1.78786781350069,2.50928354955991,6.0610167986523,3.84148177293445,3.21040464775862,0.473476089100593,4.08406975325615,-3.49857853636987,4.6723091526998,2.18624538879285,1.21208879179788,1.59094581846305,2.41762237729213,2.07626735829279,1.05134990743983,-0.587310687007122,-0.672077405956836,0.21011089504155,-1.35657608186246,3.57571171736681,-1.99414691930072,2.56669222908701,-4.98969717780675,2.66057597847729,0.970888231182352,3.06938444163793,0.159785193133338,2.21517047020518,1.00384142686687,0.211820154652555,2.51390265343047,-0.724580051060074,3.30215191793848,0.390842443072939,3.6466076322919,0.691718059019747,1.39722251050295,2.41207309949974,-5.5980671354931,1.90432004093553,2.7007271196783,3.6479588671069,3.69211236002263,1.15602279768742,1.08755727225169,2.04975788381574,2.89025597887142,1.5407054241958,2.6592557793256,1.09951213108215,3.11944660450268,-0.0020033433143881,-0.874219734638033,2.95049739815458,-1.94360422992887,3.19200533327771,2.71189259333189,1.01250223761164,3.10118840404722,2.57448783568676,2.51121579339998,1.16796160797121,1.5197871299001,-0.69064288640245,4.96051499456893,-1.70252148679039,1.3746984696501,2.15197482543214,2.6315926251251,3.44839680676904,1.24075464569972,-1.81771051175162,-0.229855454810751,3.41552965601994,2.08093352319544,-0.479355579400018,-0.735801838325792,2.19145155932736,0.598032070747345,2.67647857256641,-0.534039233287675,2.43161698297482,-1.93441885266427,2.96904392275052,4.47937474646044,1.42607176266446,3.11107238690721,2.46461878255472,0.144531145275751,3.93749160509629,2.58609978305403,2.42630797037272,-1.4692579932283,0.90660839148455,6.0610167986523,1.20384824430717,1.96494862290689,0.939572381780595,-0.899974861388484,0.626686517743413,2.87076168348615,-1.25176852088627,2.49964606228224,2.77126196560049,1.97622229150836,1.69690417151567,-4.65135132287722,0.963325174437515,2.57757664740416,2.19877197869304,0.690261971320448,1.76339458024652,-1.02484147366353,2.49518656835124,1.1163233829395,1.71931880198442,-0.721422813887192,-0.728503685188527,2.77098159127414,-0.631046943353938,-4.54465027849736,-0.30097681727072,1.95301641199844,2.02979404930788,-1.12853549513286,2.73530375366254,3.56654541770596,-0.490470308267122,-3.85215575620116,3.42100139217671,1.96858553461828,1.24155796285611,-0.287357090684399,0.845071516995807,2.24646506615187,4.78652756096331,3.03428354366836,0.389244634907564,6.82727693327103,-1.33800515586555,1.02131713758295,0.799446512531109,4.76761562315574,0.61345733202752,2.33941744850501,1.25416011166137,2.85209696942012,0.73804806228538,1.17648909767608,1.97263892991751,-2.55625354716449,0.887024907662229,6.45726660597318,2.17457232360258,-0.636378327385218,2.54681355352877,6.72126569481662,3.52156438276107,3.68689312804441,2.17696236266791,2.09720157006731,-2.53825281689912,2.98312460066587,1.80812544887872,3.06686099516042,5.15152175837227,2.53381158693089,2.97281577884343
"LMTK3-NIM1K",-1.52558860332866,5.99786204322363,-1.55698649617949,0.788888306734643,5.16633643599764,6.20444581519825,4.30588516355944,5.28576011870806,5.95377550815143,2.16912703336617,3.96934870812161,1.95108038453366,4.61861604203987,3.05698694743633,7.40205008283444,5.9607609662103,5.9214390096644,3.23814699098213,6.11881776617519,3.74725004096555,3.470856603993,4.68210046638557,1.60813512838068,2.34739394316819,5.61200166360584,4.43857178779214,1.48722123705369,4.90132573988929,-2.3652980650809,3.17662652470002,-3.28172128471687,6.02704321250806,-5.6929592103284,3.44617365574433,3.66101672317187,5.27067421823711,1.69751605532392,3.01426208165402,3.31497597571706,-0.632102500729566,5.42020259577404,2.16041136131529,1.6403798159874,6.59736974140798,4.29046839938686,-0.953406720660181,5.05569230019028,3.93180504464437,3.42918985380814,6.28222754434161,8.56776380022369,4.56761891709281,4.49350397951577,3.35018375644802,6.66089835619308,-0.0720771725019537,5.6856962091611,5.36423385161488,5.64518492517932,5.29430566915359,4.91219847735526,1.79655221454109,6.05577531338595,2.5812414501641,-2.59889794298422,6.61204168435691,7.60047800214646,5.62997468046974,4.45859475793811,0.264504950555708,3.92274510481246,4.35115898914916,4.67765796994467,7.40205008283444,5.4638312543897,-4.70158681708179,8.5304832304005,5.40250046102651,-1.08896192347883,5.22233218554902,5.70984497091261,5.18943530583672,3.04996073631393,5.18384108906943,3.67552469643527,4.30265059566131,5.01187211513505,-3.49277488086883,6.08863045428251,-2.16580099743975,3.55012095806528,5.23225291707456,1.31088902142724,2.32630866719922,-4.01636317533855,4.42356170085783,7.00830877981821,3.69752511072193,6.42762103193534,2.2954798292773,6.18111565596729,NA,5.89463192850003,2.51065685725239,0.605146796720443,6.40434711447152,2.95006238394754,-0.442091786795377,-3.58412010576662,-0.621154738736202,5.19273740504336,2.63879789115135,8.97363781794576,3.45533672892031,-1.3514537950261,5.18384108906943,-5.17200650214828,4.88657741472646,5.75672328468553,2.32939481361664,5.99028270514745,-0.637955765181868,-0.998233121444002,1.36875778278759,1.67384276884015,3.76984479665175,2.01785798458927,3.04996073631393,0.120760770135732,-7.44865529144136,5.75283758590044,3.00911987012638,-7.17380517165859,5.49289911322909,4.07490168564603,5.42986434665264,-3.0269171415357,3.15079829147615,5.29162478118226,7.56415442669651,-0.0871038462631534,2.42622988319219,-4.96930359270814,4.03338874004896,2.00063858678514,4.39432151969531,4.42510877593971,6.7653521828053,4.53881742342787,4.89795686825082,6.57319530759007,-4.35193290277909,3.52813198592999,5.14253492410751,7.24187938819549,-3.80270069568642,3.21888167784032,4.55874225116596,6.11023854194631,0.105910077326279,1.79655221454109,8.80261260275248,-3.26464777879295,4.53188601147576,7.92580781947018,-0.299951994068036,4.78748340722475,4.79707911445306,8.86132554674127,4.84148725967379,2.75162289775117,4.47015225463481,-1.39467392287486,8.2490921579513,7.20213758407021,5.09944937966959,5.20717419750807,7.20870083550909,4.20473157298064,4.35439964343079
"CDK8-NTRK2",0.681918553112466,3.50628347236533,1.7594767799632,-0.259726922442724,0.499781916507269,5.61003809902638,4.22876204730977,0.460204115690156,2.15418830094353,1.98046278719426,0.899600682567476,-2.08308272004465,-3.84318320443576,-0.481056798289298,0.742282819197512,-3.50008080061871,2.4901171053548,0.25829415761939,4.41351891272624,0.123263767468086,2.36066638905104,2.94343093218606,3.44423668106638,0.769767152090589,-4.37336063841602,0.586647441534958,4.29918753269313,-0.455926623557617,-3.02940978523046,-2.36157910010269,0.463785764901961,2.58203680787784,0.121337578154307,-1.10625705976488,0.148703690506055,2.82127062511742,-3.30841510984802,1.70784642476031,2.5640182479302,-0.622975720318947,3.31497597571706,0.870784385940541,0.500274567576792,-3.61633410132363,2.43755520205768,-2.06343922520308,0.629490047508157,-0.451761868669515,0.538403698455091,2.02808739444594,2.52897423322311,1.03868480034106,3.47817379165291,3.37786839598007,0.982265949817271,3.62554992142293,-0.225855570665399,-0.833404506305367,-0.105321188790874,3.02586709402481,3.07398038352332,2.87724685793563,-1.27799321737243,3.83939033115318,-0.45962958883689,1.69249815172684,-1.76710548104667,4.131547038838,-1.21819108160991,2.98305698280313,2.5300855155087,0.640483945007886,0.569476274062776,3.14984785859888,-0.160631382523672,2.21062515819539,-0.254094189613686,3.31701618197516,1.16948479561104,2.87686907821784,0.0665424874200884,2.24155734982455,-0.0696936288743506,1.66655059368314,-0.458845170228167,-0.542205382986131,2.44267612807483,3.56941837790655,1.61818240186769,3.62861205837376,2.13192840382027,0.577085344212504,4.53398711090678,2.89060014443133,4.34490768037166,-0.107793530567158,-2.66263026017243,0.637003874631526,3.48999692445857,2.2945937656041,1.18325540514679,3.60123563535648,1.33790881602596,0.881512186639471,2.90979795908765,3.15348132140408,2.55461184266155,3.38953708678327,-2.33134561371001,0.781881770372454,3.62128879068276,3.01059348112784,3.59010095746521,0.942802080498708,2.76578608167238,3.0814393661098,-3.30452465259313,3.74077665749937,2.89711950658006,3.21711964912954,4.23083916026124,1.61693841109467,2.9097380492645,0.165001120559601,2.25447314804962,-0.883785543460432,-0.788808679192425,0.844007388741048,2.8976917327176,-0.84222554248282,-0.401397799807909,2.24770577776562,1.85142782545443,2.0124049681056,3.03069165568378,-3.90794275078382,0.670070469530847,0.760617583251182,0.25829415761939,0.516971869639968,-1.03152851212524,-3.64679087926221,0.204425017114591,-1.22378735226976,-4.98140199396705,-0.904006058470378,-0.435458537202617,3.50388235510862,0.36290685426159,-1.97263892991751,1.43969544560035,3.7778278987789,-1.62088044220315,1.63775123329741,4.5024149203486,2.21364546491616,2.3017974863485,3.42500209107797,-2.48445165902871,0.829237634228938,-1.14105283368661,-0.57492217251429,1.57410855760405,0.742282819197512,0.505338220054794,-2.28040349412958,3.20933858212261,0.89225659911437,-0.367038225333871,-0.0429515321147838,1.6058378673748,1.23398678772854,1.42194476344864,-2.90579451125831,1.39583334270876,4.50764995891846,-2.95201009619524,2.22723469807289,2.58940272597426,4.50875453144574
"NTRK3-NTRK2",0.544501317620095,4.01758189696975,0.571048827914173,2.59057505940319,2.65922487288794,4.99815421524789,3.20215983404481,3.09174677179484,4.6403374884435,3.1453688226829,-2.33602886810746,4.44424957376683,2.77353100726287,0.204115008358632,1.54456138887552,2.82260695761602,0.281058395555565,4.04711565814097,5.3863861424422,3.46760060679629,3.64571319313464,4.39377620179358,-2.62933010113148,0.994014147369945,5.74132091459854,2.75417674493269,5.21051469471475,1.85296334799837,2.83569914599387,3.9481437930528,2.90854942889026,2.89053011369984,2.82608432034816,3.31996464703601,4.56292227457377,4.87543494500422,4.58692740294905,2.90693200011654,2.36387837691917,2.87615738416087,0.663118168288193,3.20933858212261,2.78942340901936,1.49247323473361,3.95194204801252,0.271421382766275,0.305334516009353,2.06142698762203,1.08991879968706,1.01011758693102,0.832161187923651,3.39465746427637,0.514869279571077,-3.763327963736,1.15871779670197,3.15078529983944,0.987051246534596,2.98639366793416,-0.0720771725019537,4.07793705215964,3.75405740040758,4.24817629334635,3.04791725221343,7.17529359104905,3.83566739720308,3.12654117840462,3.50353042701231,2.31512906045354,5.74132091459854,6.06488560615522,3.78668750943273,2.84149727685642,2.87650395445583,3.65360549712459,3.45723704155164,-0.231730918020805,3.2832123971146,4.11292770388507,-1.17789492580107,1.47037791824863,6.90097639895387,3.71371138848507,4.29323985699941,3.24487979870432,4.70678695278432,3.0961150486581,1.58181539692462,-2.15984537949229,3.49403958676544,-0.586046392432884,2.70428878522669,2.7697932097827,3.55362061634081,3.49403958676544,1.29648777158596,3.0879348321011,2.02286763702723,-1.01621469566835,2.91101216377577,-2.82620868994962,0.19347758626502,3.21797636735052,1.61789792223003,-2.10812374047043,4.51271277613263,-0.966166270471592,5.39849006529235,6.10213548264377,1.45293265088792,3.3166247903554,2.6521058228356,-2.53153786235705,1.01145519582954,2.45571241981972,2.09720157006731,2.31134927445658,7.71312075270739,5.61725280519196,-1.32833735426213,4.29509540209509,2.52269159934963,3.65603597074221,3.52699001768632,4.99031819709614,2.56969913774679,0.161492997817675,5.3851648071345,3.29477748846615,4.90580034142788,2.28087623671557,-0.682570389206371,4.65368355301935,2.11350798294131,3.68424577821247,1.99645434696468,2.80497056964736,-2.28605868644797,4.63752419582299,-0.629996656451198,2.10683772089505,3.58539815931324,3.28673054760116,0.876877314591038,3.22531589577688,4.29918753269313,3.8764159535406,1.17569295290379,4.18739192688374,2.75116820250386,3.45723704155164,4.23052487630147,2.92192268083586,6.65685015467528,2.98494646946723,6.65896690639361,2.9234788688424,3.28237242546061,4.48776601626105,3.70037914362695,3.80861630086777,-1.768427496272,-0.929776398647838,2.39719501704413,4.32667068142704,3.44511520126686,4.51383008439831,2.24646506615187,1.10787279716376,2.93478073612729,2.19527464551267,-1.17543168400136,1.45883889724396,3.00022149816251,-0.97487943462891,-0.378583070816164,5.24359588504326,3.75592017420125,5.61352897437498,-2.7957667643768,1.12349436751005
"OXSR1-PDK2",0.777586264441991,-0.465831431328753,0.671850743239948,-0.927135049797498,1.09550401617891,-2.32655085192707,0.403330119994984,0.520594480064138,0,1.11218821011547,0.907494053744234,2.06155769799413,-1.12448749714665,1.79301439632669,0.592965958055131,0.7542552628514,0.89620686240974,-0.564187378363114,-1.00156787488393,1.01372582085455,0.0687645951174879,-0.326297059489728,-0.520594480064135,-1.93360948253467,0.41640142171294,0.816639010836925,-0.014395098356192,0.507583855840506,2.27152942673254,-0.384495376252644,0.195329610372157,1.58025625182392,-0.140722111224095,-1.62616298341135,0.967806687824386,0.663080337661653,-0.382192712446783,0.29773007183865,-0.679095286788849,2.07197272181158,0.271619549420455,-1.19268839786424,2.15418830094353,0.532244343072,1.50746838689904,0.645697658225977,-0.856549284319612,-0.616150576089634,-0.121919366105946,0.587159540227165,0.339663747909151,0.456252594262529,0.586908757436337,0.411149835323857,-0.829504535192981,2.34364768402772,-0.469049328671594,0.236994961096177,1.67407257711376,-0.503887695022944,-0.981817275204929,0.375712212237713,-0.500609343179709,1.65287332605685,0.903689310738656,0.897334744177583,0.272438641446559,1.44752123499191,-1.71581051421231,1.7569394383331,1.00062315648691,0.0478282676280458,-1.63242226972916,-0.823993639078229,0.707123105376666,1.48976933664029,-0.597783200971314,-0.31982137871899,-0.390856844378275,0.365859564327273,1.17426966260944,-0.524932554898364,-0.794117715733933,0.316617974136551,1.6880451872282,0.655612429990271,-0.275054747489755,1.73118545972846,-0.280907352387634,0.928669848678683,0.149039294187679,-0.0546397287442067,-1.24342819368644,0.65596376541579,-0.876245998617263,1.11107279627425,1.4984207769115,-0.165366802701237,-0.0642839186706064,-1.1908771738966,-0.613457332027523,-0.486094348369986,1.27275665477044,-0.289062290551504,-0.634636854010535,0.0943430000624449,-0.891647749871263,0.461031709849007,0.769767152090589,0.893778520914486,-0.542772246575305,0.870804125218845,-0.531150441804886,0.61752618528458,-0.200726471713571,-1.23940860682435,-0.766954745363827,0.265133652724468,-1.06458938661257,-0.478161746130099,-0.476163332776872,-0.327196296232005,0.985660135409003,-0.333557484454906,1.8233749396663,0.604405594323032,-0.69818182042035,-0.661149330422739,-0.843483499754714,0.206380459558531,1.16486979998177,-1.36593850526746,0.298415331625584,0.436880736381566,0.449200873805607,1.00062315648691,0,-0.223935435835622,0.421252238589585,0.366046205910067,-1.71358653106264,0.123263767468086,-0.491318877908334,1.30877566846427,0.123800285929323,1.82939369059315,0.244942132414869,-0.361235497121495,-0.0822426060850621,-0.223935435835622,-1.43332506199476,0.502344129118825,1.925972008378,-1.27417109120036,1.16486979998177,0.291048991883853,-1.1256781114861,-1.07811764772573,0.970429792790194,0.870634320842114,1.78386608644078,0.382259661721704,-1.63005509497201,-0.0506023184858435,0.707954800817114,0.640761969662498,0.932620739357192,0.324679506309306,1.25033195813367,1.18996868141492,1.36684610715048,0.806789372084864,0.695762681050089,-0.244359194579791,0.375712212237713,1.01076461510053,-0.0140554321161728,-2.12116196428301,0.36945069289269,1.13818571098261
"TNK2-PDK2",1.45759277205043,4.10580648380446,1.83493103535886,1.72795580666344,-0.34875044780339,1.20310695837217,-0.476721767364106,-2.06052794003294,-0.943604389961788,-1.65230327143529,2.60634828162629,1.26003256133982,2.36959461780943,0.0627731998392641,-2.83238573707492,0.528347150653378,-1.62419619982842,3.66845965684539,-2.44935011900544,-0.648345131281515,-1.96317777739203,-1.18189613919117,1.51454580574755,1.8206632897971,2.32852318603096,-1.68352380851428,-0.373531426018286,0.69118811162965,0.522783670221044,0.782264842861847,-1.53819566228224,-2.22164618102976,1.32668274832632,-2.26318299521864,-0.0673004623068856,-0.382667453807733,-1.73391616021193,-1.11398008066133,0.898122697357289,-1.54281404809454,-3.26464777879295,-0.846223771666816,1.37486955721523,0.232911561500604,-1.86423364144757,3.50680842140411,-2.10440032840874,0.477930336663513,-1.5371029713864,1.08536693284848,1.18106731720131,1.04845627422763,1.84653334049675,-0.989871957389575,-0.387425347559435,-1.60840657251811,2.82082854924769,1.48625526939643,1.20390726908288,-3.25318447302217,1.01736186500244,-0.773833020804398,-1.53580807979506,-2.29759270843636,1.84355246193359,-1.86635606899227,-0.648599684795121,1.43155720708315,1.76358478434611,-0.0614624555871912,1.77450727854691,1.10682273245808,1.86692667268048,-3.60836410389065,-3.26473258031193,0.71382198114135,3.52343067865962,1.10835659530413,-0.395575441685698,3.59643565119449,2.22333968824521,0.797516941149521,-1.10912506078196,2.47312821202102,-0.0853447724312184,-2.00029409602394,-0.304305910710043,1.58170531366292,-1.09797521327465,-1.66438417304665,2.63662289247801,0.128273903214205,-0.366025377614033,-1.40592945064548,1.05067800952575,-2.19177147763433,0.291755348571128,-2.95308989418118,2.04308981447848,-1.14870632318146,-1.11703744108158,-2.25612813318872,0.66981314281146,3.54564105708063,-0.401397799807909,1.22081291780504,1.36294921830401,-0.202290894141269,0.979912499828823,1.64900778372612,2.87509397158653,1.1447742933003,1.34322350731318,-0.216107066964945,3.30200553339473,3.25674847154167,-1.12844037027814,1.81817093641813,1.57118365229443,-1.82042279533865,-0.684300170042056,-2.97517198690233,1.26248197783824,-1.45227378872225,1.305381774196,2.8717263120844,1.2684238737341,0.453753081538898,2.32761550712325,-1.33801784863171,-0.123808702783802,-2.7171234968337,-1.34926198213784,-0.890088059612989,-1.74587070015281,-2.41781826572426,-1.71197520902003,0.73958260480853,0.994014147369945,2.11350798294131,-0.952896015636631,-0.051512926474118,-1.40419651809898,0.677479867199059,0.677911161586717,1.60911021110733,1.11283244810336,2.12184532085473,2.32988033465659,-0.754588815137487,-1.85723207487087,0.177305366830001,0.570486235990445,1.34712995611093,1.1608771503268,3.0602535708642,1.54488403016753,2.19429807747371,-2.7893630069655,-0.673165345286318,1.43066630150837,2.56326916743813,1.07635480574617,0.672427966998405,2.06788747855987,1.1018765501049,3.1724698048426,-0.153123447640235,-0.0721614351802453,3.8220890805718,-3.59915925855206,-4.06764023629962,0.965864379758434,-0.0764561288926376,2.45921005590028,1.52298832406364,1.13129868491825,3.10647504486908,2.75384884722988,-1.38197119630818
"ATR-PLK2",2.97730678661726,1.92416869852196,-1.54033736222136,-0.274185889935479,1.40469230703515,-1.8304602095474,4.08356195550284,-1.41843661618426,1.49722865279281,2.22984802670994,3.56500267879498,3.88307881829681,-1.83200709605613,2.0588304887881,-0.108668740047801,-2.96856064208559,0.113194661714823,0.872092535833521,1.07330996424985,1.43187770303799,-0.629490047508154,-3.77109367250039,-0.143192692979081,3.49551522177784,-1.04890991039083,0.235150324683146,0.906377202295152,-0.149346743891639,3.16788085438065,1.27523926795858,1.41304261788031,0.194895835728349,0.240505130622179,0.949983660664541,-1.32664119687277,0.143578330183766,-1.28702509980208,1.39895410431466,3.34073168170086,1.60954945259718,2.98618532407847,0.680177166217457,-2.1236155938054,-1.41843661618426,-1.3429191441006,3.02101160989238,2.9190153438856,-0.803665854735587,1.33397704214302,3.90856161247679,1.93110503770941,0.699827133935986,-1.30486668379712,2.54779030526016,-2.5915918750017,3.7167645626726,1.54910503265233,3.71425633841209,1.41232426678418,3.72216189385775,2.48885443723607,3.36164601045778,-2.74614102167649,3.11518276556195,-0.317919549891597,1.50310111700359,2.51337472588245,-3.88953373181729,1.12817819403316,-0.0132302515103814,3.55267911646236,1.53572366495024,-2.54070206179406,1.88953708730807,0.696543030887218,-1.14410785921707,0.605542723960599,2.27152361626864,0.265990579048003,4.07959052342769,1.51956622999716,-1.7335495723537,2.0159862494759,2.70340327881979,2.38818579104496,1.18925228091197,-0.37648490642469,3.24120838659438,4.78384252476638,3.36563340414016,2.27467622641586,-1.61188291738048,-1.64319986289556,-0.787884383039489,3.07389020123545,3.73262672662676,1.60992430425932,-3.26182050903355,3.07260699098868,3.25879853206314,-1.89989419494593,1.07811764772573,1.48147261485922,2.84896458213917,-2.18726502497381,3.38388471830838,-0.305998375990581,-3.40476518814097,-3.12686918888043,0.537486456418616,1.99110733055647,4.05782633189356,-1.43948532658424,-3.01151949177967,3.42948918934925,3.17010714789035,-4.27696812425982,-3.04433840130782,-3.46377350422186,-3.51439142197091,1.86613765384353,4.02797096603302,1.73072352750609,2.56752042506944,-0.645807284585107,1.94410698475715,1.32434304783496,1.04970448581488,0.0123726149639198,1.33041058338724,-0.836756637085789,3.66401419211225,2.95448050820052,2.64745579437264,1.77423045727118,3.80207907004874,-0.180029922186683,2.38085718807843,3.76553841631186,-0.120264199572325,1.31764772687095,-3.90667531593205,-0.743695954821025,-0.434502363628316,1.37145162098592,-2.19177147763433,1.55944847636423,-2.56902814509465,1.55292987574442,-0.366008398061789,2.56300914415377,-4.0308713213694,-0.37648490642469,1.09938598934652,2.97683344639237,0.594793353513972,3.70230628829326,-0.512864311572533,2.46493468844669,-1.73466943059801,0.611836385103314,2.19594850687154,0.685613351126025,-0.347689931655501,-0.923149358795874,1.93006523515091,0.416370015162115,3.40046114442242,2.42622988319219,-2.08531771084957,1.91584012688895,0.596989293893446,2.8914628573791,2.84896458213917,3.25276674670833,1.47517304340748,3.32293337382914,1.63659555296505,0.528347150653374,3.25302213400315
"CDK3-PLK2",-1.05089302298632,1.44171327708066,-1.87030355872971,1.60048870263681,1.2410647935637,-0.55601405341339,4.00107762322648,2.71620150714081,-0.6408623570033,2.60911520425469,3.31395026502981,3.478740129433,2.18601073570013,0.303443881632853,0.297554570527921,-2.12473422014892,0.315523471676969,1.43306618500633,0.844850013039663,-1.41015685256943,-1.98152211824069,-2.01618502782869,0.537552649296147,2.80568509338291,-0.407112688012472,2.05695296353937,0.217694764500564,1.56865333318106,2.85373069737579,-4.47265514907108,-0.355510180508894,2.35150324683144,-0.109908081423878,0.282320829198333,-1.45995200996401,-0.325425892474801,-0.189745624791819,2.29567966818618,3.33359380712094,3.24969719369155,2.36066638905104,2.7171234968337,2.15197482543214,2.91428900612734,0.87127573757604,3.2241522101329,2.8603784414191,0.35698679371987,1.4358631560422,0.616312298113841,1.42621558997611,1.69301009055001,-2.62855020605861,3.07322311816429,4.22662695475068,3.28659765379504,1.16773409529178,0.34450167340953,3.20282918670246,2.90652012661092,2.21316361393048,0.51624648276183,1.5945785661248,-1.50040552804708,2.64594665408254,0.954126162068243,-1.96494862290689,-0.879811725440335,1.29924686111772,0.887292307917965,2.24770577776562,1.18083304532446,-2.84839877130094,2.32988033465659,2.79924145522347,2.70229471678405,0.7280692294005,2.52918748350538,-0.584058507593342,2.74664546359409,2.28791600621327,2.66263026017244,-3.34533564220778,1.13136804079447,-0.206937107612859,-2.29962023176836,1.47517304340748,3.68281082759142,1.09797521327465,3.46837144166338,1.99683394098945,0.804873649605741,2.31748102558894,2.19553493401052,3.59782894645393,-0.794702723887894,-0.734620649964285,1.47827271166716,2.1738800128675,3.02142611387927,-2.20274571079991,-1.15331341363481,1.00062315648691,-1.58858056815214,-1.80808214225151,3.40709698491084,0.356811817725411,-2.79237327104535,-1.75089257235594,0.99078548810961,2.08489968516378,2.64177532908057,-1.39369246945928,0.342345691226827,3.31171292969217,2.56618087455589,-3.55267911646236,-3.4093198131151,2.18601073570013,-2.14346925769979,3.07185296297435,3.93368764233168,2.99132004472991,-2.82814343270669,-5.1237381419785,3.27719392163479,1.09738156217344,1.14517351888408,-0.266028435590088,1.21368047788551,-1.04422153286319,4.15710084817059,2.76673906670725,-2.18844640301353,2.92587045506992,2.42006488239578,2.39812648771126,-2.03032359088629,1.51101398580758,1.41856640963884,0.887292307917965,-2.25538794084251,-0.0209023758967394,-0.428082343547788,0.997553408804941,1.99716908060145,2.31818051462141,0.897819229882531,2.61023064615355,0.49744123256233,3.51615747135468,-3.19958299283977,0.916003548028063,-0.340062366317629,2.13383544417533,0.294283442527938,0.611267282960701,-2.98234973433502,2.42186938623974,-1.55728104671494,-0.763712991912386,-1.35115699451177,-2.30759008934879,0.551582185629465,1.20436936838562,2.00944327181989,-0.0429099137476135,2.32852318603096,-1.304151354901,-1.56437387634798,2.67581763205193,1.05137994828327,2.58543136748767,2.9115366884329,2.673639907887,1.64757414521485,1.94644224924438,2.09197423143296,-0.077522489927243,1.51743817278438
"LCK-PLK2",-1.93369910729925,0.200223838906092,0.550345786169901,-0.966173024831995,1.80808214225151,-1.40847513877199,2.15669394578057,1.11283244810337,0.431447737092121,1.04583807492482,1.57549403845929,2.25339449503084,2.48885443723607,0.675122645199459,-1.26117696117929,1.73846718852222,-1.32139318317284,1.84648959096005,1.59643652118856,0.780207508975241,0.723760617495958,1.17569295290379,1.2136426655328,1.89180722165642,1.54744813032504,1.84648959096005,-1.31088902142724,1.36307117008571,1.11283244810337,-1.60615556846836,1.0402233949694,2.73395473479744,1.70977737210126,1.65122380198372,0.0797760500471913,1.91534816370972,1.5748546984578,0.461815224755569,-1.12227403735316,0.973699323247004,-1.4358631560422,0.539058823862864,1.04297260104429,-0.977416366930564,-2.00246935161466,-0.428976678728723,1.13186771850336,0.598237550300586,0.802627698721443,-0.927672853476332,0.577120019820871,1.13863968518715,-2.3138455365203,1.85187658185703,2.11980357863854,3.7254159251347,-0.315348132140407,2.41409795459684,1.26012545444222,2.28265998807831,1.47650881978769,-0.220778083210722,-1.66682601730886,0.508743675381992,1.47468514316462,0.721317179299886,-0.972637499039412,-0.454144910286478,1.73846718852222,1.30835606720344,1.21565298399773,1.78258970333057,-0.873932647507213,-1.85726536158613,1.96095897274983,0.325170818710636,-0.508743675381993,1.39895410431466,1.1151500250999,0.0105198839542615,2.12410717142996,1.19356151273169,0.0583840498325885,0.184309906680041,-0.451373323486419,-2.26327528285615,1.95323757287585,1.42264650480834,-3.17881089555158,3.54063842750588,2.23874965103292,1.6468519095903,1.97050509171713,-2.18644979625284,2.11989878365109,1.40250952475659,3.12824124326984,2.13577693366954,-2.13320898579075,1.23860476809237,-1.00481173040318,-1.50457302258341,2.21710603798588,1.6826150820936,-0.17151314236547,NA,-1.54537593250395,-1.28740335847294,-1.50159124128839,0.803665854735586,1.41074458099326,-0.0583840498325885,0.703744923247086,-0.949795292266574,0.997553408804941,-1.59054862387389,-1.95323757287585,-2.08054860511087,0.583339562623186,-1.69431306001205,1.95813062621637,1.6923356641045,2.67626535188139,1.97385603239016,-2.07798719178699,-0.143017027790069,1.88437056156605,0.754807125228886,-1.3419883676428,2.0240637821724,-0.561142380686495,-0.561813844826067,0.853019505300297,1.21181004095452,1.24093764345278,-2.06656948729548,2.17654373869582,1.06205569127983,1.89006408394442,1.68002353033643,1.72022579568037,-2.74220749206947,0.715539976166566,0.577564393752229,-0.102504964001081,1.97943294919576,2.16248787815849,-2.24584027274796,0.105142008242345,0.412995817745002,-1.90646975779905,-1.96943938129373,1.17648909767608,0.187418218690224,-2.07343995673438,-2.29828710635847,1.04673185182658,1.79319434730057,-1.5748546984578,-0.280779354974588,-0.591644154451789,-1.76507969483361,-0.658849673610168,1.80420707426795,0.5031012420264,-1.94549581600181,1.45886205223851,2.18532539828782,-1.77315932073123,0.164513911462913,-1.90859529734427,0.860335531456825,-0.401249414319511,1.66672633443654,2.89307603414051,-0.895099932683002,2.85668952541875,-0.985279930409146,-1.11216691998389,2.44010042640534
"MAP2K2-PLK2",-0.682213957626528,-0.52994753267776,0.177929471497659,0.362269231340998,-0.245327880444992,-0.622451514132538,-1.05771716735633,0.303913245999432,0.925592607758405,0.54421124735106,-0.251956138842928,-0.0285960744104483,-0.49499768376701,-0.139247510082664,-0.429046839938686,0.289062290551504,1.03182271533337,-0.49336925780322,1.34866521958388,0.222076761258116,1.8769777782012,0.323445795975084,-1.53352521114045,-0.198849838173521,-0.52676623975611,0.599221642180817,-0.264200375764797,-0.367721457086309,0.391392191628742,-0.370313711425944,-0.912948895259808,0.55783157083896,-0.24021690097923,0.425645496944145,-0.387271291480354,0.0557661423234262,0.600904019733266,-0.765005904351674,-0.60484053580517,0.193758982669337,0.330302654730049,0.670929099088929,NA,-0.127940834397306,-0.535214909508205,0.404685378853771,0.199554565148571,0.903689310738656,0.114338331471156,-0.335675184569012,0.048059103397325,-1.87930097651238,0.155834391639621,0.430397845129646,-0.0821894113937183,-0.500349528179702,0.290873035540921,0.346023758536279,-2.22723469807289,-0.187498721343606,-1.04970448581488,-0.532693187975906,-0.610247160345315,-1.4364613299182,-0.306063315764275,1.20850293639354,-1.00222276186299,-0.662012129936697,0.420501370143093,-0.890088059612989,0.0212089857550054,0.680148965136703,0.875481124452621,0.285086826381021,-0.648599684795121,-0.0152850370181313,-0.621963685439986,-0.0858306244316261,-0.169175196022017,0.616735143036668,-1.04986510979672,1.23238768944907,-0.666208056942509,0.224861482767173,-1.32902654441534,1.00627963867157,-1.17064961651439,-0.280779354974588,0.625214976709982,-0.830845768770557,-0.945581111054556,-0.0849622967348562,0.539308808645683,1.1444255495391,-1.84886979860758,-0.21282274847207,1.06966169248209,-0.47063551039533,-0.13566192881075,-0.237232365231195,-1.18434968066297,0.0858306244316261,-1.29315103166299,-0.0460160881329126,-0.240776281449328,1.31678715318229,0.0478282676280458,-0.285403613882934,0.816942415971724,1.11814379789299,0,-0.482642871113663,-0.155834391639621,-0.261440693147421,0,0.699843447447188,-0.016783217791942,1.11703744108158,0,0.584358489852131,-0.472592763534514,0.702385546119799,-0.140328934662659,0.524465177713623,0.443592239571913,0.424399209424405,-0.574720318507351,0.6995471278138,-0.394742124051377,-2.16243970987939,-0.97879554420481,-0.0232915214202994,-0.714657158401339,0.5578724912278,0.769767152090589,-0.307666882568302,1.10714904253705,0.125944714049454,-0.0796630696038041,-0.382667453807733,-0.554759117394332,-0.202272800233462,-0.611836385103314,0.958326797978427,0.129002008911958,-0.13526570488237,-0.0504548041761427,0.843131154104092,0.582131066456761,-0.411595474195795,-0.713677916196278,0.471550896984837,0.257135674682424,0.346023758536279,0.643701679236471,0.381172149811875,0.818567942162303,-0.411595474195795,-0.606168901005421,-0.571048827914174,0.629950957164451,0.411595474195794,-0.0504548041761427,-0.11619439215255,1.41602488833766,-0.676568106883531,-0.497320408410278,0.343823576519199,0.215258180241371,-1.32424149618025,-0.0492754507955861,-0.143192692979081,0.0417969480364029,-0.69118811162965,-1.49406045626988,-0.630986154702053,1.57877803844738,-0.135859738535218,0.798583572322118,0.213639192305977
"NTRK3-RAF1",0.40560508443002,-1.79874763186326,0.330720517706979,1.72501016304733,1.22999347211901,0.214551390463538,-1.43542796050881,1.30473326748552,0.169220029349562,-0.106212477955308,-1.96317777739203,-0.41461881711447,0.596213622298414,-0.134842324825571,-2.14806982483192,0.411595474195794,0.341293906767952,1.59101009780363,-0.178520790452216,2.90836111907875,-1.12279126960284,-1.47667408817651,1.48071153933443,0.701895335546268,0.939572381780595,0.730122986665897,-0.228347803531122,-0.356553897494027,1.45445586558254,-0.19670250725123,0.715940221753426,-0.930166229835814,1.97813672484004,-0.38239346710299,-0.852747389199645,-0.46546544481816,-0.799114649596579,-0.540385715154403,0.28772631259644,-0.482642871113663,-1.1778846938076,-0.572572115841165,-0.54774763456574,-1.2461973499324,-0.099906555721881,0.942802080498708,-1.52891212146381,0.825969765520448,-1.04062308355534,0.171513142365467,-1.23433361782835,-0.361515789492648,1.35156941866529,-0.175160819453258,-1.17721118993104,0.254069545283037,0.651658332707385,-0.585293287056122,-0.129027142654767,-0.810814757599435,-0.0140554321161728,-0.576556306242773,0.642169054015986,0.190806640593691,-0.500349528179703,-1.60010105402271,-0.860650301104348,-1.62133094177079,1.29475216393447,-0.324299842397561,-1.23636606163999,-0.416401421712943,-2.45506756218327,-0.665232181288406,-0.256155881792954,-0.261328260233768,0.433845308970237,1.97556148690884,0.0332867726803535,2.06093610456963,-0.036409085733459,-0.218095383449975,-0.0790224594763566,-0.62724742291154,0.302191790497705,0.198849838173518,-0.406770432644693,-1.1778846938076,-1.79617848004929,-0.393668869960686,-1.2564356776241,-0.784494287607568,-0.321641916771354,-0.622975720318946,-1.8403517090978,-0.913248447133732,-0.350789982200125,0.568369483849257,-0.263437010369779,0.434998836950836,2.20795092400494,0.146889970563908,-0.30979797506944,0.841651215518109,1.12450931214135,-0.824739085070868,-0.495751482902164,2.15721763828779,-0.532293016186963,NA,-1.28221711290041,3.01276475560499,1.1320674611161,-0.0677739291673504,-0.367476078358061,-1.42958749719682,-0.0224861482767197,-0.26262897552359,-0.106817577675964,-0.364255301811299,-0.60134529316871,-1.29755708699577,-0.0625874738006796,-1.47760822000877,-0.542657429490686,-0.129027142654767,3.82990774752238,0.498968511946627,-0.431861366161909,-3.32448398205004e-15,0.211067589003912,1.64951233997142,1.17597320214512,0.218095383449975,0.783358483167158,0.225714619838911,-0.332556551888779,-1.14351644943563,0.203605293470451,0.976270551605121,2.33783225180948,0.297888303561775,0.508743675381992,-0.112465056441072,0.275899462950714,-0.261133062231645,-0.402164770321342,-0.843251478480012,0.41026684374984,-2.20544590288322,-0.0292011004829664,0.194847365138375,-0.645489001147674,-0.180403587950615,1.41550120722756,-0.0510685699272445,-0.179572943626003,0.713585499967721,0.612243744836697,0.388815284023622,-1.56776107315986,1.1444255495391,0.254476495929405,-0.567181170440889,-0.852202289989832,-0.216107066964945,-0.234628587525475,-0.756553807703607,-0.376380068424584,-0.605146796720441,-0.282453751655727,0.177387196413434,-0.182077568682715,-0.685611424357914,-1.11703744108158,-1.22072785262584,-0.196872719514999,-0.483524475458427,-0.854540621407726,-0.206805979339122
"TNK2-ULK2",0.00779965845999841,0.425831788657903,-0.729232933424,0.666208056942512,0.903873759448014,-0.14733463456638,0.448178369731264,-0.445997136879215,-0.0964956125946702,-0.215623529545146,-0.8218796467333,-0.377207159454688,0.312247616830251,0.309552325585954,0.528167623923541,0.184021222369968,0.28951935274999,0.681861470487272,0.471271431790208,-0.152084198087509,0.989348605407209,0.035651212117751,-0.240676082911211,0.224274120468093,0.524932554898358,-0.324837168857746,1.61138707404127,0.267948769425358,0.555191903145291,0.478161746130097,0.661149330422737,0.668944714403014,-0.221378987210765,0.685937655723713,-0.505487024612201,0.123258536336571,0.612600117016632,-0.772937646841585,-0.454245917894028,0.199170521869591,0.164687335339338,0.0299759574575891,-0.0810230449309289,0.393004194084245,-0.446787927437195,-0.958508897735364,-0.0754245360529678,0.628086228038156,0.365705771531265,0.051665789198701,0.0104337353540346,0.423838216728769,1.2727477022566,0.102060375696449,0.868987346825914,-0.267948769425355,0.523218883268369,0.0480774073141002,-0.0311977061082893,-0.319123519376346,0.211541958013062,-0.109797521327467,-0.639018378629355,0.0107919984289493,-0.290849742614339,0.448178369731264,-0.126643267923318,0.151881986701683,-0.244359194579791,0.327010249901917,-0.510720799812494,0.277656668262838,0.914813159548504,-0.310554287552503,0.814379279320157,-0.879370455503535,0.061834287837954,1.43180894609804,0.667696061937099,-0.81984902687593,-0.557766200256106,0.159785193133338,0.244788765165288,-0.579008493996764,0.801801993153046,-0.0341210021379503,-0.298415331625582,-0.35571657879416,-0.576622844167974,0.338147877610314,0.0865578600681828,-2.07797556678137,0.196872719515,0.241433339824588,-0.203497470152798,-0.205105229361987,-0.125317634685152,0.327010249901917,1.96989116625454,-0.518322775745906,0.222068332971751,0.457788946861988,-0.171374156943338,-0.268964948035841,-0.165102460577829,-0.772873400386816,-0.198849838173521,1.0207677477283,0.165470279409205,-0.340308508779512,1.42154711398067,-2.07797556678137,0.737449902089374,0.657255600645281,0.0760783324655903,-0.16248328915914,0.141494469379948,0.149039294187679,0.127594066422524,-0.734905576857705,-0.148739190964207,0.437689280602711,0.0102018416602026,1.96989116625454,-0.755116863386683,1.49103023566747,-0.382192712446783,0.217831792525236,-0.837649057317446,-0.368593456074763,-0.126643267923318,-0.130219740248107,0.107539767778998,0.600904019733263,-0.340040187613975,-0.200147340467057,0.228935024005131,0.620673153301363,-1.41229592843624,0.102060375696449,0.680657648379754,-0.353299645497941,-0.347881340525041,0.199156981712389,0.0967348370738181,-0.823787072607425,-0.64280059957938,0.918470094932563,-0.970069819358769,-0.201069978070595,0.393215613904574,-0.494645320182825,0.522365632156765,0.312247616830251,0.322657807328133,NA,0.585420504881436,0.338147877610317,-0.111222328631027,-0.353441059029518,0.199170521869591,0.0623491534096113,-0.232409325898413,-0.448178369731267,0.532375851726236,1.35704756578227,0.182152351741658,-0.330574665211369,0,-0.997808012761114,0.576132982977689,-0.538403698455091,0.145871493700357,0.232607092276497,-1.29607641024852,0.903873759448016,-0.015748596081284,-1.83289157607677,0.539308808645683,-1.37440027039499
